qID,sID,Gaps,qStart,qEnd,sStart,sEnd,E,Bits,nAlign,qSeq,sSeq
PMS1|13A,SOX6|14B,0,31,72,49,90,0.002,23.5,4,LNEDSCNKKSNVIDNKSGKVTAYDLLSNRVIKKPMSASALFVQDHRPQFLIENPKTSLEDATLQIEELWKTLSEEEKLKYEEKATKDLER,PEDAEGSKAMNGSAAKLQQYYCWPTGGATVAEARVYRDARGRASSEPHIKRPMNAFMVWAKDERRKILQAFPDMHNSNISKILGSRWKSM
PMS1|13A,ZEB2|13A,0,11,18,79,86,0.99,16.2,4,LNEDSCNKKSNVIDNKSGKVTAYDLLSNRVIKKPMSASALFVQDHRPQFLIENPKTSLEDATLQIEELWKTLSEEEKLKYEEKATKDLER,QSLTTDSRRQISNIKKEKLRTLIDLVTDDKMIENHNISTPFSCQFCKESFPGPIPLHQHERYLCKMNEEIKAVLQPHENIVPNKAGVFVD
SOX6|14B,PMS1|13A,0,49,90,31,72,0.002,23.5,3,PEDAEGSKAMNGSAAKLQQYYCWPTGGATVAEARVYRDARGRASSEPHIKRPMNAFMVWAKDERRKILQAFPDMHNSNISKILGSRWKSM,LNEDSCNKKSNVIDNKSGKVTAYDLLSNRVIKKPMSASALFVQDHRPQFLIENPKTSLEDATLQIEELWKTLSEEEKLKYEEKATKDLER
ZEB2|13A,PMS1|13A,0,79,86,11,18,0.99,16.2,16,QSLTTDSRRQISNIKKEKLRTLIDLVTDDKMIENHNISTPFSCQFCKESFPGPIPLHQHERYLCKMNEEIKAVLQPHENIVPNKAGVFVD,LNEDSCNKKSNVIDNKSGKVTAYDLLSNRVIKKPMSASALFVQDHRPQFLIENPKTSLEDATLQIEELWKTLSEEEKLKYEEKATKDLER
ZEB2|13A,ZEB1|21A,0,53,61,51,59,0.086,19.2,16,QSLTTDSRRQISNIKKEKLRTLIDLVTDDKMIENHNISTPFSCQFCKESFPGPIPLHQHERYLCKMNEEIKAVLQPHENIVPNKAGVFVD,ENGMYACDLCDKIFQKSSSLLRHKYEHTGKRPHECGICKKAFKHKHHLIEHMRLHSGEKPYQCDKCGKRFSHSGSYSQHMNHRYSYCKRE
ZEB1|21A,ZEB2|13A,0,51,59,53,61,0.086,19.2,40,ENGMYACDLCDKIFQKSSSLLRHKYEHTGKRPHECGICKKAFKHKHHLIEHMRLHSGEKPYQCDKCGKRFSHSGSYSQHMNHRYSYCKRE,QSLTTDSRRQISNIKKEKLRTLIDLVTDDKMIENHNISTPFSCQFCKESFPGPIPLHQHERYLCKMNEEIKAVLQPHENIVPNKAGVFVD
SOX6|14B,SOX5|13A,0,49,90,16,57,3.39e-39,115,3,PEDAEGSKAMNGSAAKLQQYYCWPTGGATVAEARVYRDARGRASSEPHIKRPMNAFMVWAKDERRKILQAFPDMHNSNISKILGSRWKSM,RIYRESRGRGSNEPHIKRPMNAFMVWAKDERRKILQAFPDMHNSNISKILGSRWKAMTNLEKQPYYEEQARLSKQHLEKYPDYKYKPRPK
SOX5|13A,SOX6|14B,0,16,57,49,90,3.39e-39,115,3,RIYRESRGRGSNEPHIKRPMNAFMVWAKDERRKILQAFPDMHNSNISKILGSRWKAMTNLEKQPYYEEQARLSKQHLEKYPDYKYKPRPK,PEDAEGSKAMNGSAAKLQQYYCWPTGGATVAEARVYRDARGRASSEPHIKRPMNAFMVWAKDERRKILQAFPDMHNSNISKILGSRWKSM
SOX6|14B,SOX6|15A,0,49,90,4,45,6.94e-33,99.4,3,PEDAEGSKAMNGSAAKLQQYYCWPTGGATVAEARVYRDARGRASSEPHIKRPMNAFMVWAKDERRKILQAFPDMHNSNISKILGSRWKSM,EPHIKRPMNAFMVWAKDERRKILQAFPDMHNSNISKILGSRWKSMSNQEKQPYYEEQARLSKIHLEKYPNYKYKPRPKRTCIVDGKKLRI
SOX6|15A,SOX6|14B,0,4,45,49,90,6.94e-33,99.4,3,EPHIKRPMNAFMVWAKDERRKILQAFPDMHNSNISKILGSRWKSMSNQEKQPYYEEQARLSKIHLEKYPNYKYKPRPKRTCIVDGKKLRI,PEDAEGSKAMNGSAAKLQQYYCWPTGGATVAEARVYRDARGRASSEPHIKRPMNAFMVWAKDERRKILQAFPDMHNSNISKILGSRWKSM
SOX6|15A,SOX5|13A,0,4,45,16,57,1.26e-54,154,3,EPHIKRPMNAFMVWAKDERRKILQAFPDMHNSNISKILGSRWKSMSNQEKQPYYEEQARLSKIHLEKYPNYKYKPRPKRTCIVDGKKLRI,RIYRESRGRGSNEPHIKRPMNAFMVWAKDERRKILQAFPDMHNSNISKILGSRWKAMTNLEKQPYYEEQARLSKQHLEKYPDYKYKPRPK
SOX5|13A,SOX6|15A,0,16,57,4,45,1.26e-54,154,3,RIYRESRGRGSNEPHIKRPMNAFMVWAKDERRKILQAFPDMHNSNISKILGSRWKAMTNLEKQPYYEEQARLSKQHLEKYPDYKYKPRPK,EPHIKRPMNAFMVWAKDERRKILQAFPDMHNSNISKILGSRWKSMSNQEKQPYYEEQARLSKIHLEKYPNYKYKPRPKRTCIVDGKKLRI
SOX6|15A,PMS1|13A,0,4,45,31,72,0.001,23.9,3,EPHIKRPMNAFMVWAKDERRKILQAFPDMHNSNISKILGSRWKSMSNQEKQPYYEEQARLSKIHLEKYPNYKYKPRPKRTCIVDGKKLRI,LNEDSCNKKSNVIDNKSGKVTAYDLLSNRVIKKPMSASALFVQDHRPQFLIENPKTSLEDATLQIEELWKTLSEEEKLKYEEKATKDLER
PMS1|13A,SOX6|15A,0,31,72,4,45,0.001,23.9,4,LNEDSCNKKSNVIDNKSGKVTAYDLLSNRVIKKPMSASALFVQDHRPQFLIENPKTSLEDATLQIEELWKTLSEEEKLKYEEKATKDLER,EPHIKRPMNAFMVWAKDERRKILQAFPDMHNSNISKILGSRWKSMSNQEKQPYYEEQARLSKIHLEKYPNYKYKPRPKRTCIVDGKKLRI
SOX5|13A,PMS1|13A,0,16,57,31,72,0.006,22.3,3,RIYRESRGRGSNEPHIKRPMNAFMVWAKDERRKILQAFPDMHNSNISKILGSRWKAMTNLEKQPYYEEQARLSKQHLEKYPDYKYKPRPK,LNEDSCNKKSNVIDNKSGKVTAYDLLSNRVIKKPMSASALFVQDHRPQFLIENPKTSLEDATLQIEELWKTLSEEEKLKYEEKATKDLER
PMS1|13A,SOX5|13A,0,31,72,16,57,0.006,22.3,4,LNEDSCNKKSNVIDNKSGKVTAYDLLSNRVIKKPMSASALFVQDHRPQFLIENPKTSLEDATLQIEELWKTLSEEEKLKYEEKATKDLER,RIYRESRGRGSNEPHIKRPMNAFMVWAKDERRKILQAFPDMHNSNISKILGSRWKAMTNLEKQPYYEEQARLSKQHLEKYPDYKYKPRPK
ZEB2|13A,ZEB2|23A,0,53,61,49,57,0.008,21.9,16,QSLTTDSRRQISNIKKEKLRTLIDLVTDDKMIENHNISTPFSCQFCKESFPGPIPLHQHERYLCKMNEEIKAVLQPHENIVPNKAGVFVD,IKKTESGMYACDLCDKTFQKSSSLLRHKYEHTGKRPHQCQICKKAFKHKHHLIEHSRLHSGEKPYQCDKCGKRFSHSGSYSQHMNHRYSY
ZEB2|23A,ZEB2|13A,0,49,57,53,61,0.008,21.9,32,IKKTESGMYACDLCDKTFQKSSSLLRHKYEHTGKRPHQCQICKKAFKHKHHLIEHSRLHSGEKPYQCDKCGKRFSHSGSYSQHMNHRYSY,QSLTTDSRRQISNIKKEKLRTLIDLVTDDKMIENHNISTPFSCQFCKESFPGPIPLHQHERYLCKMNEEIKAVLQPHENIVPNKAGVFVD
ZEB2|13A,ZEB1|21A,0,79,86,78,85,0.086,19.2,16,QSLTTDSRRQISNIKKEKLRTLIDLVTDDKMIENHNISTPFSCQFCKESFPGPIPLHQHERYLCKMNEEIKAVLQPHENIVPNKAGVFVD,ENGMYACDLCDKIFQKSSSLLRHKYEHTGKRPHECGICKKAFKHKHHLIEHMRLHSGEKPYQCDKCGKRFSHSGSYSQHMNHRYSYCKRE
ZEB1|21A,ZEB2|13A,0,78,85,79,86,0.086,19.2,40,ENGMYACDLCDKIFQKSSSLLRHKYEHTGKRPHECGICKKAFKHKHHLIEHMRLHSGEKPYQCDKCGKRFSHSGSYSQHMNHRYSYCKRE,QSLTTDSRRQISNIKKEKLRTLIDLVTDDKMIENHNISTPFSCQFCKESFPGPIPLHQHERYLCKMNEEIKAVLQPHENIVPNKAGVFVD
ZEB2|22B,ZEB2|23A,0,54,61,9,16,1.54e-31,95.9,26,FADMQQRRKYQRKQGFQGELLDGAQDYMSGLDDMTDSDSCLSRKKIKKTESGMYACDLCDKTFQKSSSLLRHKYEHTGKRPHQCQICKKA,IKKTESGMYACDLCDKTFQKSSSLLRHKYEHTGKRPHQCQICKKAFKHKHHLIEHSRLHSGEKPYQCDKCGKRFSHSGSYSQHMNHRYSY
ZEB2|23A,ZEB2|22B,0,9,16,54,61,1.54e-31,95.9,32,IKKTESGMYACDLCDKTFQKSSSLLRHKYEHTGKRPHQCQICKKAFKHKHHLIEHSRLHSGEKPYQCDKCGKRFSHSGSYSQHMNHRYSY,FADMQQRRKYQRKQGFQGELLDGAQDYMSGLDDMTDSDSCLSRKKIKKTESGMYACDLCDKTFQKSSSLLRHKYEHTGKRPHQCQICKKA
ZEB2|22B,ZEB2|23A,0,65,72,20,27,1.54e-31,95.9,26,FADMQQRRKYQRKQGFQGELLDGAQDYMSGLDDMTDSDSCLSRKKIKKTESGMYACDLCDKTFQKSSSLLRHKYEHTGKRPHQCQICKKA,IKKTESGMYACDLCDKTFQKSSSLLRHKYEHTGKRPHQCQICKKAFKHKHHLIEHSRLHSGEKPYQCDKCGKRFSHSGSYSQHMNHRYSY
ZEB2|23A,ZEB2|22B,0,20,27,65,72,1.54e-31,95.9,32,IKKTESGMYACDLCDKTFQKSSSLLRHKYEHTGKRPHQCQICKKAFKHKHHLIEHSRLHSGEKPYQCDKCGKRFSHSGSYSQHMNHRYSY,FADMQQRRKYQRKQGFQGELLDGAQDYMSGLDDMTDSDSCLSRKKIKKTESGMYACDLCDKTFQKSSSLLRHKYEHTGKRPHQCQICKKA
ZEB2|22B,ZEB2|23A,0,77,87,32,42,1.54e-31,95.9,26,FADMQQRRKYQRKQGFQGELLDGAQDYMSGLDDMTDSDSCLSRKKIKKTESGMYACDLCDKTFQKSSSLLRHKYEHTGKRPHQCQICKKA,IKKTESGMYACDLCDKTFQKSSSLLRHKYEHTGKRPHQCQICKKAFKHKHHLIEHSRLHSGEKPYQCDKCGKRFSHSGSYSQHMNHRYSY
ZEB2|23A,ZEB2|22B,0,32,42,77,87,1.54e-31,95.9,32,IKKTESGMYACDLCDKTFQKSSSLLRHKYEHTGKRPHQCQICKKAFKHKHHLIEHSRLHSGEKPYQCDKCGKRFSHSGSYSQHMNHRYSY,FADMQQRRKYQRKQGFQGELLDGAQDYMSGLDDMTDSDSCLSRKKIKKTESGMYACDLCDKTFQKSSSLLRHKYEHTGKRPHQCQICKKA
ZEB2|22B,ZEB2|23A,0,54,61,65,72,0.029,20.4,26,FADMQQRRKYQRKQGFQGELLDGAQDYMSGLDDMTDSDSCLSRKKIKKTESGMYACDLCDKTFQKSSSLLRHKYEHTGKRPHQCQICKKA,IKKTESGMYACDLCDKTFQKSSSLLRHKYEHTGKRPHQCQICKKAFKHKHHLIEHSRLHSGEKPYQCDKCGKRFSHSGSYSQHMNHRYSY
ZEB2|23A,ZEB2|22B,0,65,72,54,61,0.029,20.4,32,IKKTESGMYACDLCDKTFQKSSSLLRHKYEHTGKRPHQCQICKKAFKHKHHLIEHSRLHSGEKPYQCDKCGKRFSHSGSYSQHMNHRYSY,FADMQQRRKYQRKQGFQGELLDGAQDYMSGLDDMTDSDSCLSRKKIKKTESGMYACDLCDKTFQKSSSLLRHKYEHTGKRPHQCQICKKA
ZEB2|22B,ZEB2|23A,0,65,72,76,83,0.029,20.4,26,FADMQQRRKYQRKQGFQGELLDGAQDYMSGLDDMTDSDSCLSRKKIKKTESGMYACDLCDKTFQKSSSLLRHKYEHTGKRPHQCQICKKA,IKKTESGMYACDLCDKTFQKSSSLLRHKYEHTGKRPHQCQICKKAFKHKHHLIEHSRLHSGEKPYQCDKCGKRFSHSGSYSQHMNHRYSY
ZEB2|23A,ZEB2|22B,0,76,83,65,72,0.029,20.4,32,IKKTESGMYACDLCDKTFQKSSSLLRHKYEHTGKRPHQCQICKKAFKHKHHLIEHSRLHSGEKPYQCDKCGKRFSHSGSYSQHMNHRYSY,FADMQQRRKYQRKQGFQGELLDGAQDYMSGLDDMTDSDSCLSRKKIKKTESGMYACDLCDKTFQKSSSLLRHKYEHTGKRPHQCQICKKA
ZEB2|22B,ZEB1|21A,0,54,61,5,12,5.59e-26,81.6,26,FADMQQRRKYQRKQGFQGELLDGAQDYMSGLDDMTDSDSCLSRKKIKKTESGMYACDLCDKTFQKSSSLLRHKYEHTGKRPHQCQICKKA,ENGMYACDLCDKIFQKSSSLLRHKYEHTGKRPHECGICKKAFKHKHHLIEHMRLHSGEKPYQCDKCGKRFSHSGSYSQHMNHRYSYCKRE
ZEB1|21A,ZEB2|22B,0,5,12,54,61,5.59e-26,81.6,40,ENGMYACDLCDKIFQKSSSLLRHKYEHTGKRPHECGICKKAFKHKHHLIEHMRLHSGEKPYQCDKCGKRFSHSGSYSQHMNHRYSYCKRE,FADMQQRRKYQRKQGFQGELLDGAQDYMSGLDDMTDSDSCLSRKKIKKTESGMYACDLCDKTFQKSSSLLRHKYEHTGKRPHQCQICKKA
ZEB2|22B,ZEB1|21A,0,54,61,61,68,0.028,20.4,26,FADMQQRRKYQRKQGFQGELLDGAQDYMSGLDDMTDSDSCLSRKKIKKTESGMYACDLCDKTFQKSSSLLRHKYEHTGKRPHQCQICKKA,ENGMYACDLCDKIFQKSSSLLRHKYEHTGKRPHECGICKKAFKHKHHLIEHMRLHSGEKPYQCDKCGKRFSHSGSYSQHMNHRYSYCKRE
ZEB1|21A,ZEB2|22B,0,61,68,54,61,0.028,20.4,40,ENGMYACDLCDKIFQKSSSLLRHKYEHTGKRPHECGICKKAFKHKHHLIEHMRLHSGEKPYQCDKCGKRFSHSGSYSQHMNHRYSYCKRE,FADMQQRRKYQRKQGFQGELLDGAQDYMSGLDDMTDSDSCLSRKKIKKTESGMYACDLCDKTFQKSSSLLRHKYEHTGKRPHQCQICKKA
ZEB2|22B,ZEB1|21A,0,65,72,72,79,0.028,20.4,26,FADMQQRRKYQRKQGFQGELLDGAQDYMSGLDDMTDSDSCLSRKKIKKTESGMYACDLCDKTFQKSSSLLRHKYEHTGKRPHQCQICKKA,ENGMYACDLCDKIFQKSSSLLRHKYEHTGKRPHECGICKKAFKHKHHLIEHMRLHSGEKPYQCDKCGKRFSHSGSYSQHMNHRYSYCKRE
ZEB1|21A,ZEB2|22B,0,72,79,65,72,0.028,20.4,40,ENGMYACDLCDKIFQKSSSLLRHKYEHTGKRPHECGICKKAFKHKHHLIEHMRLHSGEKPYQCDKCGKRFSHSGSYSQHMNHRYSYCKRE,FADMQQRRKYQRKQGFQGELLDGAQDYMSGLDDMTDSDSCLSRKKIKKTESGMYACDLCDKTFQKSSSLLRHKYEHTGKRPHQCQICKKA
ZEB2|22B,ZEB2|7A,0,54,61,12,19,5.69e-06,30.4,26,FADMQQRRKYQRKQGFQGELLDGAQDYMSGLDDMTDSDSCLSRKKIKKTESGMYACDLCDKTFQKSSSLLRHKYEHTGKRPHQCQICKKA,QMLTQGAGNRKFKCTECGKAFKYKHHLKEHLRIHSGEKPYECPNCKKRFSHSGSYSSHISSKKCIGLISVNGRMRNNIKTGSSPNSVSSS
ZEB2|7A,ZEB2|22B,0,12,19,54,61,6.25e-06,30.4,38,QMLTQGAGNRKFKCTECGKAFKYKHHLKEHLRIHSGEKPYECPNCKKRFSHSGSYSSHISSKKCIGLISVNGRMRNNIKTGSSPNSVSSS,FADMQQRRKYQRKQGFQGELLDGAQDYMSGLDDMTDSDSCLSRKKIKKTESGMYACDLCDKTFQKSSSLLRHKYEHTGKRPHQCQICKKA
ZEB2|22B,ZEB2|7A,0,77,87,35,45,5.69e-06,30.4,26,FADMQQRRKYQRKQGFQGELLDGAQDYMSGLDDMTDSDSCLSRKKIKKTESGMYACDLCDKTFQKSSSLLRHKYEHTGKRPHQCQICKKA,QMLTQGAGNRKFKCTECGKAFKYKHHLKEHLRIHSGEKPYECPNCKKRFSHSGSYSSHISSKKCIGLISVNGRMRNNIKTGSSPNSVSSS
ZEB2|7A,ZEB2|22B,0,35,45,77,87,6.25e-06,30.4,38,QMLTQGAGNRKFKCTECGKAFKYKHHLKEHLRIHSGEKPYECPNCKKRFSHSGSYSSHISSKKCIGLISVNGRMRNNIKTGSSPNSVSSS,FADMQQRRKYQRKQGFQGELLDGAQDYMSGLDDMTDSDSCLSRKKIKKTESGMYACDLCDKTFQKSSSLLRHKYEHTGKRPHQCQICKKA
ZEB2|22B,CENPB|2B,0,32,43,69,80,0.074,19.2,26,FADMQQRRKYQRKQGFQGELLDGAQDYMSGLDDMTDSDSCLSRKKIKKTESGMYACDLCDKTFQKSSSLLRHKYEHTGKRPHQCQICKKA,LKNKRAILASERKYGVASTCRKTNKLSPYDKLEGLLIAWFQQIRAAGLPVKGIILKEKALRIAEELGMDDFTASNGWLDRFRRRHGVVSC
CENPB|2B,ZEB2|22B,0,69,80,32,43,0.074,19.2,1,LKNKRAILASERKYGVASTCRKTNKLSPYDKLEGLLIAWFQQIRAAGLPVKGIILKEKALRIAEELGMDDFTASNGWLDRFRRRHGVVSC,FADMQQRRKYQRKQGFQGELLDGAQDYMSGLDDMTDSDSCLSRKKIKKTESGMYACDLCDKTFQKSSSLLRHKYEHTGKRPHQCQICKKA
ZEB2|22B,ZEB2|13A,0,77,87,36,46,0.12,18.9,26,FADMQQRRKYQRKQGFQGELLDGAQDYMSGLDDMTDSDSCLSRKKIKKTESGMYACDLCDKTFQKSSSLLRHKYEHTGKRPHQCQICKKA,QSLTTDSRRQISNIKKEKLRTLIDLVTDDKMIENHNISTPFSCQFCKESFPGPIPLHQHERYLCKMNEEIKAVLQPHENIVPNKAGVFVD
ZEB2|13A,ZEB2|22B,0,36,46,77,87,0.12,18.9,16,QSLTTDSRRQISNIKKEKLRTLIDLVTDDKMIENHNISTPFSCQFCKESFPGPIPLHQHERYLCKMNEEIKAVLQPHENIVPNKAGVFVD,FADMQQRRKYQRKQGFQGELLDGAQDYMSGLDDMTDSDSCLSRKKIKKTESGMYACDLCDKTFQKSSSLLRHKYEHTGKRPHQCQICKKA
ZEB2|22B,ZEB2|7A,0,54,61,40,47,0.15,18.5,26,FADMQQRRKYQRKQGFQGELLDGAQDYMSGLDDMTDSDSCLSRKKIKKTESGMYACDLCDKTFQKSSSLLRHKYEHTGKRPHQCQICKKA,QMLTQGAGNRKFKCTECGKAFKYKHHLKEHLRIHSGEKPYECPNCKKRFSHSGSYSSHISSKKCIGLISVNGRMRNNIKTGSSPNSVSSS
ZEB2|7A,ZEB2|22B,0,40,47,54,61,0.15,18.5,38,QMLTQGAGNRKFKCTECGKAFKYKHHLKEHLRIHSGEKPYECPNCKKRFSHSGSYSSHISSKKCIGLISVNGRMRNNIKTGSSPNSVSSS,FADMQQRRKYQRKQGFQGELLDGAQDYMSGLDDMTDSDSCLSRKKIKKTESGMYACDLCDKTFQKSSSLLRHKYEHTGKRPHQCQICKKA
ZEB2|22B,ZEB2|7A,0,65,72,51,58,0.15,18.5,26,FADMQQRRKYQRKQGFQGELLDGAQDYMSGLDDMTDSDSCLSRKKIKKTESGMYACDLCDKTFQKSSSLLRHKYEHTGKRPHQCQICKKA,QMLTQGAGNRKFKCTECGKAFKYKHHLKEHLRIHSGEKPYECPNCKKRFSHSGSYSSHISSKKCIGLISVNGRMRNNIKTGSSPNSVSSS
ZEB2|7A,ZEB2|22B,0,51,58,65,72,0.15,18.5,38,QMLTQGAGNRKFKCTECGKAFKYKHHLKEHLRIHSGEKPYECPNCKKRFSHSGSYSSHISSKKCIGLISVNGRMRNNIKTGSSPNSVSSS,FADMQQRRKYQRKQGFQGELLDGAQDYMSGLDDMTDSDSCLSRKKIKKTESGMYACDLCDKTFQKSSSLLRHKYEHTGKRPHQCQICKKA
ZEB2|22B,ZEB1|6B,0,54,61,44,51,0.17,18.1,26,FADMQQRRKYQRKQGFQGELLDGAQDYMSGLDDMTDSDSCLSRKKIKKTESGMYACDLCDKTFQKSSSLLRHKYEHTGKRPHQCQICKKA,GRDQRHVTQSGCNRKFKCTECGKAFKYKHHLKEHLRIHSGEKPYECPNCKKRFSHSGSYSSHISSKKCISLIPVNGRPRTGLKTSQCSSP
ZEB1|6B,ZEB2|22B,0,44,51,54,61,0.17,18.1,26,GRDQRHVTQSGCNRKFKCTECGKAFKYKHHLKEHLRIHSGEKPYECPNCKKRFSHSGSYSSHISSKKCISLIPVNGRPRTGLKTSQCSSP,FADMQQRRKYQRKQGFQGELLDGAQDYMSGLDDMTDSDSCLSRKKIKKTESGMYACDLCDKTFQKSSSLLRHKYEHTGKRPHQCQICKKA
ZEB2|22B,ZEB1|6B,0,65,72,55,62,0.17,18.1,26,FADMQQRRKYQRKQGFQGELLDGAQDYMSGLDDMTDSDSCLSRKKIKKTESGMYACDLCDKTFQKSSSLLRHKYEHTGKRPHQCQICKKA,GRDQRHVTQSGCNRKFKCTECGKAFKYKHHLKEHLRIHSGEKPYECPNCKKRFSHSGSYSSHISSKKCISLIPVNGRPRTGLKTSQCSSP
ZEB1|6B,ZEB2|22B,0,55,62,65,72,0.17,18.1,26,GRDQRHVTQSGCNRKFKCTECGKAFKYKHHLKEHLRIHSGEKPYECPNCKKRFSHSGSYSSHISSKKCISLIPVNGRPRTGLKTSQCSSP,FADMQQRRKYQRKQGFQGELLDGAQDYMSGLDDMTDSDSCLSRKKIKKTESGMYACDLCDKTFQKSSSLLRHKYEHTGKRPHQCQICKKA
ZEB2|22B,ZEB1|21A,0,54,61,33,40,1.79e-08,37,26,FADMQQRRKYQRKQGFQGELLDGAQDYMSGLDDMTDSDSCLSRKKIKKTESGMYACDLCDKTFQKSSSLLRHKYEHTGKRPHQCQICKKA,ENGMYACDLCDKIFQKSSSLLRHKYEHTGKRPHECGICKKAFKHKHHLIEHMRLHSGEKPYQCDKCGKRFSHSGSYSQHMNHRYSYCKRE
ZEB1|21A,ZEB2|22B,0,33,40,54,61,1.79e-08,37,40,ENGMYACDLCDKIFQKSSSLLRHKYEHTGKRPHECGICKKAFKHKHHLIEHMRLHSGEKPYQCDKCGKRFSHSGSYSQHMNHRYSYCKRE,FADMQQRRKYQRKQGFQGELLDGAQDYMSGLDDMTDSDSCLSRKKIKKTESGMYACDLCDKTFQKSSSLLRHKYEHTGKRPHQCQICKKA
ZEB2|22B,ZEB1|6B,0,54,61,59,66,9.89e-06,29.6,26,FADMQQRRKYQRKQGFQGELLDGAQDYMSGLDDMTDSDSCLSRKKIKKTESGMYACDLCDKTFQKSSSLLRHKYEHTGKRPHQCQICKKA,GRDQRHVTQSGCNRKFKCTECGKAFKYKHHLKEHLRIHSGEKPYECPNCKKRFSHSGSYSSHISSKKCISLIPVNGRPRTGLKTSQCSSP
ZEB1|6B,ZEB2|22B,0,59,66,54,61,1.13e-05,29.6,26,GRDQRHVTQSGCNRKFKCTECGKAFKYKHHLKEHLRIHSGEKPYECPNCKKRFSHSGSYSSHISSKKCISLIPVNGRPRTGLKTSQCSSP,FADMQQRRKYQRKQGFQGELLDGAQDYMSGLDDMTDSDSCLSRKKIKKTESGMYACDLCDKTFQKSSSLLRHKYEHTGKRPHQCQICKKA
ZEB2|22B,ZEB1|6B,0,65,72,67,74,9.89e-06,29.6,26,FADMQQRRKYQRKQGFQGELLDGAQDYMSGLDDMTDSDSCLSRKKIKKTESGMYACDLCDKTFQKSSSLLRHKYEHTGKRPHQCQICKKA,GRDQRHVTQSGCNRKFKCTECGKAFKYKHHLKEHLRIHSGEKPYECPNCKKRFSHSGSYSSHISSKKCISLIPVNGRPRTGLKTSQCSSP
ZEB1|6B,ZEB2|22B,0,67,74,65,72,1.13e-05,29.6,26,GRDQRHVTQSGCNRKFKCTECGKAFKYKHHLKEHLRIHSGEKPYECPNCKKRFSHSGSYSSHISSKKCISLIPVNGRPRTGLKTSQCSSP,FADMQQRRKYQRKQGFQGELLDGAQDYMSGLDDMTDSDSCLSRKKIKKTESGMYACDLCDKTFQKSSSLLRHKYEHTGKRPHQCQICKKA
ZEB2|22B,ZEB1|6B,0,77,87,80,90,9.89e-06,29.6,26,FADMQQRRKYQRKQGFQGELLDGAQDYMSGLDDMTDSDSCLSRKKIKKTESGMYACDLCDKTFQKSSSLLRHKYEHTGKRPHQCQICKKA,GRDQRHVTQSGCNRKFKCTECGKAFKYKHHLKEHLRIHSGEKPYECPNCKKRFSHSGSYSSHISSKKCISLIPVNGRPRTGLKTSQCSSP
ZEB1|6B,ZEB2|22B,0,80,90,77,87,1.13e-05,29.6,26,GRDQRHVTQSGCNRKFKCTECGKAFKYKHHLKEHLRIHSGEKPYECPNCKKRFSHSGSYSSHISSKKCISLIPVNGRPRTGLKTSQCSSP,FADMQQRRKYQRKQGFQGELLDGAQDYMSGLDDMTDSDSCLSRKKIKKTESGMYACDLCDKTFQKSSSLLRHKYEHTGKRPHQCQICKKA
ZEB2|22B,ZEB1|20B,0,54,61,50,57,6.06e-37,109,26,FADMQQRRKYQRKQGFQGELLDGAQDYMSGLDDMTDSDSCLSRKKIKKTESGMYACDLCDKTFQKSSSLLRHKYEHTGKRPHQCQICKKA,EPPLKVIQPNGNQDERQDTSSEGVSNVEDQNDSDSTPPKKKMRKTENGMYACDLCDKIFQKSSSLLRHKYEHTGKRPHECGICKKAFKHK
ZEB1|20B,ZEB2|22B,0,50,57,54,61,6.06e-37,109,26,EPPLKVIQPNGNQDERQDTSSEGVSNVEDQNDSDSTPPKKKMRKTENGMYACDLCDKIFQKSSSLLRHKYEHTGKRPHECGICKKAFKHK,FADMQQRRKYQRKQGFQGELLDGAQDYMSGLDDMTDSDSCLSRKKIKKTESGMYACDLCDKTFQKSSSLLRHKYEHTGKRPHQCQICKKA
ZEB2|22B,ZEB1|20B,0,65,72,61,68,6.06e-37,109,26,FADMQQRRKYQRKQGFQGELLDGAQDYMSGLDDMTDSDSCLSRKKIKKTESGMYACDLCDKTFQKSSSLLRHKYEHTGKRPHQCQICKKA,EPPLKVIQPNGNQDERQDTSSEGVSNVEDQNDSDSTPPKKKMRKTENGMYACDLCDKIFQKSSSLLRHKYEHTGKRPHECGICKKAFKHK
ZEB1|20B,ZEB2|22B,0,61,68,65,72,6.06e-37,109,26,EPPLKVIQPNGNQDERQDTSSEGVSNVEDQNDSDSTPPKKKMRKTENGMYACDLCDKIFQKSSSLLRHKYEHTGKRPHECGICKKAFKHK,FADMQQRRKYQRKQGFQGELLDGAQDYMSGLDDMTDSDSCLSRKKIKKTESGMYACDLCDKTFQKSSSLLRHKYEHTGKRPHQCQICKKA
ZEB2|22B,ZEB1|20B,0,77,87,73,83,6.06e-37,109,26,FADMQQRRKYQRKQGFQGELLDGAQDYMSGLDDMTDSDSCLSRKKIKKTESGMYACDLCDKTFQKSSSLLRHKYEHTGKRPHQCQICKKA,EPPLKVIQPNGNQDERQDTSSEGVSNVEDQNDSDSTPPKKKMRKTENGMYACDLCDKIFQKSSSLLRHKYEHTGKRPHECGICKKAFKHK
ZEB1|20B,ZEB2|22B,0,73,83,77,87,6.06e-37,109,26,EPPLKVIQPNGNQDERQDTSSEGVSNVEDQNDSDSTPPKKKMRKTENGMYACDLCDKIFQKSSSLLRHKYEHTGKRPHECGICKKAFKHK,FADMQQRRKYQRKQGFQGELLDGAQDYMSGLDDMTDSDSCLSRKKIKKTESGMYACDLCDKTFQKSSSLLRHKYEHTGKRPHQCQICKKA
ZEB1|6B,ZEB2|7A,0,44,51,40,47,7.63e-39,114,26,GRDQRHVTQSGCNRKFKCTECGKAFKYKHHLKEHLRIHSGEKPYECPNCKKRFSHSGSYSSHISSKKCISLIPVNGRPRTGLKTSQCSSP,QMLTQGAGNRKFKCTECGKAFKYKHHLKEHLRIHSGEKPYECPNCKKRFSHSGSYSSHISSKKCIGLISVNGRMRNNIKTGSSPNSVSSS
ZEB2|7A,ZEB1|6B,0,40,47,44,51,7.63e-39,114,38,QMLTQGAGNRKFKCTECGKAFKYKHHLKEHLRIHSGEKPYECPNCKKRFSHSGSYSSHISSKKCIGLISVNGRMRNNIKTGSSPNSVSSS,GRDQRHVTQSGCNRKFKCTECGKAFKYKHHLKEHLRIHSGEKPYECPNCKKRFSHSGSYSSHISSKKCISLIPVNGRPRTGLKTSQCSSP
ZEB1|6B,ZEB2|7A,0,55,62,51,58,7.63e-39,114,26,GRDQRHVTQSGCNRKFKCTECGKAFKYKHHLKEHLRIHSGEKPYECPNCKKRFSHSGSYSSHISSKKCISLIPVNGRPRTGLKTSQCSSP,QMLTQGAGNRKFKCTECGKAFKYKHHLKEHLRIHSGEKPYECPNCKKRFSHSGSYSSHISSKKCIGLISVNGRMRNNIKTGSSPNSVSSS
ZEB2|7A,ZEB1|6B,0,51,58,55,62,7.63e-39,114,38,QMLTQGAGNRKFKCTECGKAFKYKHHLKEHLRIHSGEKPYECPNCKKRFSHSGSYSSHISSKKCIGLISVNGRMRNNIKTGSSPNSVSSS,GRDQRHVTQSGCNRKFKCTECGKAFKYKHHLKEHLRIHSGEKPYECPNCKKRFSHSGSYSSHISSKKCISLIPVNGRPRTGLKTSQCSSP
ZEB1|6B,ZEB2|7A,0,59,66,55,62,7.63e-39,114,26,GRDQRHVTQSGCNRKFKCTECGKAFKYKHHLKEHLRIHSGEKPYECPNCKKRFSHSGSYSSHISSKKCISLIPVNGRPRTGLKTSQCSSP,QMLTQGAGNRKFKCTECGKAFKYKHHLKEHLRIHSGEKPYECPNCKKRFSHSGSYSSHISSKKCIGLISVNGRMRNNIKTGSSPNSVSSS
ZEB2|7A,ZEB1|6B,0,55,62,59,66,7.63e-39,114,38,QMLTQGAGNRKFKCTECGKAFKYKHHLKEHLRIHSGEKPYECPNCKKRFSHSGSYSSHISSKKCIGLISVNGRMRNNIKTGSSPNSVSSS,GRDQRHVTQSGCNRKFKCTECGKAFKYKHHLKEHLRIHSGEKPYECPNCKKRFSHSGSYSSHISSKKCISLIPVNGRPRTGLKTSQCSSP
ZEB1|6B,ZEB2|7A,0,67,74,63,70,7.63e-39,114,26,GRDQRHVTQSGCNRKFKCTECGKAFKYKHHLKEHLRIHSGEKPYECPNCKKRFSHSGSYSSHISSKKCISLIPVNGRPRTGLKTSQCSSP,QMLTQGAGNRKFKCTECGKAFKYKHHLKEHLRIHSGEKPYECPNCKKRFSHSGSYSSHISSKKCIGLISVNGRMRNNIKTGSSPNSVSSS
ZEB2|7A,ZEB1|6B,0,63,70,67,74,7.63e-39,114,38,QMLTQGAGNRKFKCTECGKAFKYKHHLKEHLRIHSGEKPYECPNCKKRFSHSGSYSSHISSKKCIGLISVNGRMRNNIKTGSSPNSVSSS,GRDQRHVTQSGCNRKFKCTECGKAFKYKHHLKEHLRIHSGEKPYECPNCKKRFSHSGSYSSHISSKKCISLIPVNGRPRTGLKTSQCSSP
ZEB1|6B,ZEB1|21A,0,44,51,61,68,1.54e-22,73.2,26,GRDQRHVTQSGCNRKFKCTECGKAFKYKHHLKEHLRIHSGEKPYECPNCKKRFSHSGSYSSHISSKKCISLIPVNGRPRTGLKTSQCSSP,ENGMYACDLCDKIFQKSSSLLRHKYEHTGKRPHECGICKKAFKHKHHLIEHMRLHSGEKPYQCDKCGKRFSHSGSYSQHMNHRYSYCKRE
ZEB1|21A,ZEB1|6B,0,61,68,44,51,1.54e-22,73.2,40,ENGMYACDLCDKIFQKSSSLLRHKYEHTGKRPHECGICKKAFKHKHHLIEHMRLHSGEKPYQCDKCGKRFSHSGSYSQHMNHRYSYCKRE,GRDQRHVTQSGCNRKFKCTECGKAFKYKHHLKEHLRIHSGEKPYECPNCKKRFSHSGSYSSHISSKKCISLIPVNGRPRTGLKTSQCSSP
ZEB1|6B,ZEB1|21A,0,55,62,72,79,1.54e-22,73.2,26,GRDQRHVTQSGCNRKFKCTECGKAFKYKHHLKEHLRIHSGEKPYECPNCKKRFSHSGSYSSHISSKKCISLIPVNGRPRTGLKTSQCSSP,ENGMYACDLCDKIFQKSSSLLRHKYEHTGKRPHECGICKKAFKHKHHLIEHMRLHSGEKPYQCDKCGKRFSHSGSYSQHMNHRYSYCKRE
ZEB1|21A,ZEB1|6B,0,72,79,55,62,1.54e-22,73.2,40,ENGMYACDLCDKIFQKSSSLLRHKYEHTGKRPHECGICKKAFKHKHHLIEHMRLHSGEKPYQCDKCGKRFSHSGSYSQHMNHRYSYCKRE,GRDQRHVTQSGCNRKFKCTECGKAFKYKHHLKEHLRIHSGEKPYECPNCKKRFSHSGSYSSHISSKKCISLIPVNGRPRTGLKTSQCSSP
ZEB1|6B,ZEB1|21A,0,59,66,76,83,1.54e-22,73.2,26,GRDQRHVTQSGCNRKFKCTECGKAFKYKHHLKEHLRIHSGEKPYECPNCKKRFSHSGSYSSHISSKKCISLIPVNGRPRTGLKTSQCSSP,ENGMYACDLCDKIFQKSSSLLRHKYEHTGKRPHECGICKKAFKHKHHLIEHMRLHSGEKPYQCDKCGKRFSHSGSYSQHMNHRYSYCKRE
ZEB1|21A,ZEB1|6B,0,76,83,59,66,1.54e-22,73.2,40,ENGMYACDLCDKIFQKSSSLLRHKYEHTGKRPHECGICKKAFKHKHHLIEHMRLHSGEKPYQCDKCGKRFSHSGSYSQHMNHRYSYCKRE,GRDQRHVTQSGCNRKFKCTECGKAFKYKHHLKEHLRIHSGEKPYECPNCKKRFSHSGSYSSHISSKKCISLIPVNGRPRTGLKTSQCSSP
ZEB1|6B,ZEB2|23A,0,16,24,37,45,4.64e-22,71.6,26,GRDQRHVTQSGCNRKFKCTECGKAFKYKHHLKEHLRIHSGEKPYECPNCKKRFSHSGSYSSHISSKKCISLIPVNGRPRTGLKTSQCSSP,IKKTESGMYACDLCDKTFQKSSSLLRHKYEHTGKRPHQCQICKKAFKHKHHLIEHSRLHSGEKPYQCDKCGKRFSHSGSYSQHMNHRYSY
ZEB2|23A,ZEB1|6B,0,37,45,16,24,4.64e-22,71.6,32,IKKTESGMYACDLCDKTFQKSSSLLRHKYEHTGKRPHQCQICKKAFKHKHHLIEHSRLHSGEKPYQCDKCGKRFSHSGSYSQHMNHRYSY,GRDQRHVTQSGCNRKFKCTECGKAFKYKHHLKEHLRIHSGEKPYECPNCKKRFSHSGSYSSHISSKKCISLIPVNGRPRTGLKTSQCSSP
ZEB1|6B,ZEB2|23A,0,44,51,65,72,4.64e-22,71.6,26,GRDQRHVTQSGCNRKFKCTECGKAFKYKHHLKEHLRIHSGEKPYECPNCKKRFSHSGSYSSHISSKKCISLIPVNGRPRTGLKTSQCSSP,IKKTESGMYACDLCDKTFQKSSSLLRHKYEHTGKRPHQCQICKKAFKHKHHLIEHSRLHSGEKPYQCDKCGKRFSHSGSYSQHMNHRYSY
ZEB2|23A,ZEB1|6B,0,65,72,44,51,4.64e-22,71.6,32,IKKTESGMYACDLCDKTFQKSSSLLRHKYEHTGKRPHQCQICKKAFKHKHHLIEHSRLHSGEKPYQCDKCGKRFSHSGSYSQHMNHRYSY,GRDQRHVTQSGCNRKFKCTECGKAFKYKHHLKEHLRIHSGEKPYECPNCKKRFSHSGSYSSHISSKKCISLIPVNGRPRTGLKTSQCSSP
ZEB1|6B,ZEB2|23A,0,55,62,76,83,4.64e-22,71.6,26,GRDQRHVTQSGCNRKFKCTECGKAFKYKHHLKEHLRIHSGEKPYECPNCKKRFSHSGSYSSHISSKKCISLIPVNGRPRTGLKTSQCSSP,IKKTESGMYACDLCDKTFQKSSSLLRHKYEHTGKRPHQCQICKKAFKHKHHLIEHSRLHSGEKPYQCDKCGKRFSHSGSYSQHMNHRYSY
ZEB2|23A,ZEB1|6B,0,76,83,55,62,4.64e-22,71.6,32,IKKTESGMYACDLCDKTFQKSSSLLRHKYEHTGKRPHQCQICKKAFKHKHHLIEHSRLHSGEKPYQCDKCGKRFSHSGSYSQHMNHRYSY,GRDQRHVTQSGCNRKFKCTECGKAFKYKHHLKEHLRIHSGEKPYECPNCKKRFSHSGSYSSHISSKKCISLIPVNGRPRTGLKTSQCSSP
ZEB1|6B,ZEB1|20B,0,44,51,50,57,0.49,16.9,26,GRDQRHVTQSGCNRKFKCTECGKAFKYKHHLKEHLRIHSGEKPYECPNCKKRFSHSGSYSSHISSKKCISLIPVNGRPRTGLKTSQCSSP,EPPLKVIQPNGNQDERQDTSSEGVSNVEDQNDSDSTPPKKKMRKTENGMYACDLCDKIFQKSSSLLRHKYEHTGKRPHECGICKKAFKHK
ZEB1|20B,ZEB1|6B,0,50,57,44,51,0.49,16.9,26,EPPLKVIQPNGNQDERQDTSSEGVSNVEDQNDSDSTPPKKKMRKTENGMYACDLCDKIFQKSSSLLRHKYEHTGKRPHECGICKKAFKHK,GRDQRHVTQSGCNRKFKCTECGKAFKYKHHLKEHLRIHSGEKPYECPNCKKRFSHSGSYSSHISSKKCISLIPVNGRPRTGLKTSQCSSP
ZEB1|6B,ZEB1|20B,0,55,62,61,68,0.49,16.9,26,GRDQRHVTQSGCNRKFKCTECGKAFKYKHHLKEHLRIHSGEKPYECPNCKKRFSHSGSYSSHISSKKCISLIPVNGRPRTGLKTSQCSSP,EPPLKVIQPNGNQDERQDTSSEGVSNVEDQNDSDSTPPKKKMRKTENGMYACDLCDKIFQKSSSLLRHKYEHTGKRPHECGICKKAFKHK
ZEB1|20B,ZEB1|6B,0,61,68,55,62,0.49,16.9,26,EPPLKVIQPNGNQDERQDTSSEGVSNVEDQNDSDSTPPKKKMRKTENGMYACDLCDKIFQKSSSLLRHKYEHTGKRPHECGICKKAFKHK,GRDQRHVTQSGCNRKFKCTECGKAFKYKHHLKEHLRIHSGEKPYECPNCKKRFSHSGSYSSHISSKKCISLIPVNGRPRTGLKTSQCSSP
ZEB1|6B,ZEB1|21A,0,44,51,33,40,5.99e-06,30.4,26,GRDQRHVTQSGCNRKFKCTECGKAFKYKHHLKEHLRIHSGEKPYECPNCKKRFSHSGSYSSHISSKKCISLIPVNGRPRTGLKTSQCSSP,ENGMYACDLCDKIFQKSSSLLRHKYEHTGKRPHECGICKKAFKHKHHLIEHMRLHSGEKPYQCDKCGKRFSHSGSYSQHMNHRYSYCKRE
ZEB1|21A,ZEB1|6B,0,33,40,44,51,5.99e-06,30.4,40,ENGMYACDLCDKIFQKSSSLLRHKYEHTGKRPHECGICKKAFKHKHHLIEHMRLHSGEKPYQCDKCGKRFSHSGSYSQHMNHRYSYCKRE,GRDQRHVTQSGCNRKFKCTECGKAFKYKHHLKEHLRIHSGEKPYECPNCKKRFSHSGSYSSHISSKKCISLIPVNGRPRTGLKTSQCSSP
ZEB1|6B,ZEB2|22B,0,16,24,16,24,1.13e-05,29.6,26,GRDQRHVTQSGCNRKFKCTECGKAFKYKHHLKEHLRIHSGEKPYECPNCKKRFSHSGSYSSHISSKKCISLIPVNGRPRTGLKTSQCSSP,FADMQQRRKYQRKQGFQGELLDGAQDYMSGLDDMTDSDSCLSRKKIKKTESGMYACDLCDKTFQKSSSLLRHKYEHTGKRPHQCQICKKA
ZEB2|22B,ZEB1|6B,0,16,24,16,24,9.89e-06,29.6,26,FADMQQRRKYQRKQGFQGELLDGAQDYMSGLDDMTDSDSCLSRKKIKKTESGMYACDLCDKTFQKSSSLLRHKYEHTGKRPHQCQICKKA,GRDQRHVTQSGCNRKFKCTECGKAFKYKHHLKEHLRIHSGEKPYECPNCKKRFSHSGSYSSHISSKKCISLIPVNGRPRTGLKTSQCSSP
ZEB1|6B,ZEB2|13A,0,44,51,41,48,0.26,17.7,26,GRDQRHVTQSGCNRKFKCTECGKAFKYKHHLKEHLRIHSGEKPYECPNCKKRFSHSGSYSSHISSKKCISLIPVNGRPRTGLKTSQCSSP,QSLTTDSRRQISNIKKEKLRTLIDLVTDDKMIENHNISTPFSCQFCKESFPGPIPLHQHERYLCKMNEEIKAVLQPHENIVPNKAGVFVD
ZEB2|13A,ZEB1|6B,0,41,48,44,51,0.2,18.1,16,QSLTTDSRRQISNIKKEKLRTLIDLVTDDKMIENHNISTPFSCQFCKESFPGPIPLHQHERYLCKMNEEIKAVLQPHENIVPNKAGVFVD,GRDQRHVTQSGCNRKFKCTECGKAFKYKHHLKEHLRIHSGEKPYECPNCKKRFSHSGSYSSHISSKKCISLIPVNGRPRTGLKTSQCSSP
ZEB1|6B,ZEB1|20B,0,16,24,50,58,1.14e-06,32.3,26,GRDQRHVTQSGCNRKFKCTECGKAFKYKHHLKEHLRIHSGEKPYECPNCKKRFSHSGSYSSHISSKKCISLIPVNGRPRTGLKTSQCSSP,EPPLKVIQPNGNQDERQDTSSEGVSNVEDQNDSDSTPPKKKMRKTENGMYACDLCDKIFQKSSSLLRHKYEHTGKRPHECGICKKAFKHK
ZEB1|20B,ZEB1|6B,0,50,58,16,24,1.14e-06,32.3,26,EPPLKVIQPNGNQDERQDTSSEGVSNVEDQNDSDSTPPKKKMRKTENGMYACDLCDKIFQKSSSLLRHKYEHTGKRPHECGICKKAFKHK,GRDQRHVTQSGCNRKFKCTECGKAFKYKHHLKEHLRIHSGEKPYECPNCKKRFSHSGSYSSHISSKKCISLIPVNGRPRTGLKTSQCSSP
ZEB1|6B,ZEB1|20B,0,44,51,78,85,1.14e-06,32.3,26,GRDQRHVTQSGCNRKFKCTECGKAFKYKHHLKEHLRIHSGEKPYECPNCKKRFSHSGSYSSHISSKKCISLIPVNGRPRTGLKTSQCSSP,EPPLKVIQPNGNQDERQDTSSEGVSNVEDQNDSDSTPPKKKMRKTENGMYACDLCDKIFQKSSSLLRHKYEHTGKRPHECGICKKAFKHK
ZEB1|20B,ZEB1|6B,0,78,85,44,51,1.14e-06,32.3,26,EPPLKVIQPNGNQDERQDTSSEGVSNVEDQNDSDSTPPKKKMRKTENGMYACDLCDKIFQKSSSLLRHKYEHTGKRPHECGICKKAFKHK,GRDQRHVTQSGCNRKFKCTECGKAFKYKHHLKEHLRIHSGEKPYECPNCKKRFSHSGSYSSHISSKKCISLIPVNGRPRTGLKTSQCSSP
ZEB1|6B,ZEB1|20B,0,16,24,78,86,0.11,18.9,26,GRDQRHVTQSGCNRKFKCTECGKAFKYKHHLKEHLRIHSGEKPYECPNCKKRFSHSGSYSSHISSKKCISLIPVNGRPRTGLKTSQCSSP,EPPLKVIQPNGNQDERQDTSSEGVSNVEDQNDSDSTPPKKKMRKTENGMYACDLCDKIFQKSSSLLRHKYEHTGKRPHECGICKKAFKHK
ZEB1|20B,ZEB1|6B,0,78,86,16,24,0.1,18.9,26,EPPLKVIQPNGNQDERQDTSSEGVSNVEDQNDSDSTPPKKKMRKTENGMYACDLCDKIFQKSSSLLRHKYEHTGKRPHECGICKKAFKHK,GRDQRHVTQSGCNRKFKCTECGKAFKYKHHLKEHLRIHSGEKPYECPNCKKRFSHSGSYSSHISSKKCISLIPVNGRPRTGLKTSQCSSP
ZEB2|23A,ZEB1|21A,0,9,16,5,12,8.78e-60,167,32,IKKTESGMYACDLCDKTFQKSSSLLRHKYEHTGKRPHQCQICKKAFKHKHHLIEHSRLHSGEKPYQCDKCGKRFSHSGSYSQHMNHRYSY,ENGMYACDLCDKIFQKSSSLLRHKYEHTGKRPHECGICKKAFKHKHHLIEHMRLHSGEKPYQCDKCGKRFSHSGSYSQHMNHRYSYCKRE
ZEB1|21A,ZEB2|23A,0,5,12,9,16,8.78e-60,167,40,ENGMYACDLCDKIFQKSSSLLRHKYEHTGKRPHECGICKKAFKHKHHLIEHMRLHSGEKPYQCDKCGKRFSHSGSYSQHMNHRYSYCKRE,IKKTESGMYACDLCDKTFQKSSSLLRHKYEHTGKRPHQCQICKKAFKHKHHLIEHSRLHSGEKPYQCDKCGKRFSHSGSYSQHMNHRYSY
ZEB2|23A,ZEB1|21A,0,65,72,61,68,8.78e-60,167,32,IKKTESGMYACDLCDKTFQKSSSLLRHKYEHTGKRPHQCQICKKAFKHKHHLIEHSRLHSGEKPYQCDKCGKRFSHSGSYSQHMNHRYSY,ENGMYACDLCDKIFQKSSSLLRHKYEHTGKRPHECGICKKAFKHKHHLIEHMRLHSGEKPYQCDKCGKRFSHSGSYSQHMNHRYSYCKRE
ZEB1|21A,ZEB2|23A,0,61,68,65,72,8.78e-60,167,40,ENGMYACDLCDKIFQKSSSLLRHKYEHTGKRPHECGICKKAFKHKHHLIEHMRLHSGEKPYQCDKCGKRFSHSGSYSQHMNHRYSYCKRE,IKKTESGMYACDLCDKTFQKSSSLLRHKYEHTGKRPHQCQICKKAFKHKHHLIEHSRLHSGEKPYQCDKCGKRFSHSGSYSQHMNHRYSY
ZEB2|23A,ZEB1|21A,0,76,83,72,79,8.78e-60,167,32,IKKTESGMYACDLCDKTFQKSSSLLRHKYEHTGKRPHQCQICKKAFKHKHHLIEHSRLHSGEKPYQCDKCGKRFSHSGSYSQHMNHRYSY,ENGMYACDLCDKIFQKSSSLLRHKYEHTGKRPHECGICKKAFKHKHHLIEHMRLHSGEKPYQCDKCGKRFSHSGSYSQHMNHRYSYCKRE
ZEB1|21A,ZEB2|23A,0,72,79,76,83,8.78e-60,167,40,ENGMYACDLCDKIFQKSSSLLRHKYEHTGKRPHECGICKKAFKHKHHLIEHMRLHSGEKPYQCDKCGKRFSHSGSYSQHMNHRYSYCKRE,IKKTESGMYACDLCDKTFQKSSSLLRHKYEHTGKRPHQCQICKKAFKHKHHLIEHSRLHSGEKPYQCDKCGKRFSHSGSYSQHMNHRYSY
ZEB2|23A,ZEB1|20B,0,65,72,50,57,0.031,20.4,32,IKKTESGMYACDLCDKTFQKSSSLLRHKYEHTGKRPHQCQICKKAFKHKHHLIEHSRLHSGEKPYQCDKCGKRFSHSGSYSQHMNHRYSY,EPPLKVIQPNGNQDERQDTSSEGVSNVEDQNDSDSTPPKKKMRKTENGMYACDLCDKIFQKSSSLLRHKYEHTGKRPHECGICKKAFKHK
ZEB1|20B,ZEB2|23A,0,50,57,65,72,0.031,20.4,26,EPPLKVIQPNGNQDERQDTSSEGVSNVEDQNDSDSTPPKKKMRKTENGMYACDLCDKIFQKSSSLLRHKYEHTGKRPHECGICKKAFKHK,IKKTESGMYACDLCDKTFQKSSSLLRHKYEHTGKRPHQCQICKKAFKHKHHLIEHSRLHSGEKPYQCDKCGKRFSHSGSYSQHMNHRYSY
ZEB2|23A,ZEB1|20B,0,76,83,61,68,0.031,20.4,32,IKKTESGMYACDLCDKTFQKSSSLLRHKYEHTGKRPHQCQICKKAFKHKHHLIEHSRLHSGEKPYQCDKCGKRFSHSGSYSQHMNHRYSY,EPPLKVIQPNGNQDERQDTSSEGVSNVEDQNDSDSTPPKKKMRKTENGMYACDLCDKIFQKSSSLLRHKYEHTGKRPHECGICKKAFKHK
ZEB1|20B,ZEB2|23A,0,61,68,76,83,0.031,20.4,26,EPPLKVIQPNGNQDERQDTSSEGVSNVEDQNDSDSTPPKKKMRKTENGMYACDLCDKIFQKSSSLLRHKYEHTGKRPHECGICKKAFKHK,IKKTESGMYACDLCDKTFQKSSSLLRHKYEHTGKRPHQCQICKKAFKHKHHLIEHSRLHSGEKPYQCDKCGKRFSHSGSYSQHMNHRYSY
ZEB2|23A,ZEB2|7A,0,65,72,40,47,1.22e-16,58.2,32,IKKTESGMYACDLCDKTFQKSSSLLRHKYEHTGKRPHQCQICKKAFKHKHHLIEHSRLHSGEKPYQCDKCGKRFSHSGSYSQHMNHRYSY,QMLTQGAGNRKFKCTECGKAFKYKHHLKEHLRIHSGEKPYECPNCKKRFSHSGSYSSHISSKKCIGLISVNGRMRNNIKTGSSPNSVSSS
ZEB2|7A,ZEB2|23A,0,40,47,65,72,1.22e-16,58.2,38,QMLTQGAGNRKFKCTECGKAFKYKHHLKEHLRIHSGEKPYECPNCKKRFSHSGSYSSHISSKKCIGLISVNGRMRNNIKTGSSPNSVSSS,IKKTESGMYACDLCDKTFQKSSSLLRHKYEHTGKRPHQCQICKKAFKHKHHLIEHSRLHSGEKPYQCDKCGKRFSHSGSYSQHMNHRYSY
ZEB2|23A,ZEB2|7A,0,9,16,12,19,1.06e-05,29.6,32,IKKTESGMYACDLCDKTFQKSSSLLRHKYEHTGKRPHQCQICKKAFKHKHHLIEHSRLHSGEKPYQCDKCGKRFSHSGSYSQHMNHRYSY,QMLTQGAGNRKFKCTECGKAFKYKHHLKEHLRIHSGEKPYECPNCKKRFSHSGSYSSHISSKKCIGLISVNGRMRNNIKTGSSPNSVSSS
ZEB2|7A,ZEB2|23A,0,12,19,9,16,1.06e-05,29.6,38,QMLTQGAGNRKFKCTECGKAFKYKHHLKEHLRIHSGEKPYECPNCKKRFSHSGSYSSHISSKKCIGLISVNGRMRNNIKTGSSPNSVSSS,IKKTESGMYACDLCDKTFQKSSSLLRHKYEHTGKRPHQCQICKKAFKHKHHLIEHSRLHSGEKPYQCDKCGKRFSHSGSYSQHMNHRYSY
ZEB2|23A,ZEB2|7A,0,32,42,35,45,1.06e-05,29.6,32,IKKTESGMYACDLCDKTFQKSSSLLRHKYEHTGKRPHQCQICKKAFKHKHHLIEHSRLHSGEKPYQCDKCGKRFSHSGSYSQHMNHRYSY,QMLTQGAGNRKFKCTECGKAFKYKHHLKEHLRIHSGEKPYECPNCKKRFSHSGSYSSHISSKKCIGLISVNGRMRNNIKTGSSPNSVSSS
ZEB2|7A,ZEB2|23A,0,35,45,32,42,1.06e-05,29.6,38,QMLTQGAGNRKFKCTECGKAFKYKHHLKEHLRIHSGEKPYECPNCKKRFSHSGSYSSHISSKKCIGLISVNGRMRNNIKTGSSPNSVSSS,IKKTESGMYACDLCDKTFQKSSSLLRHKYEHTGKRPHQCQICKKAFKHKHHLIEHSRLHSGEKPYQCDKCGKRFSHSGSYSQHMNHRYSY
ZEB2|23A,ZEB2|7A,0,65,72,12,19,0.015,21.2,32,IKKTESGMYACDLCDKTFQKSSSLLRHKYEHTGKRPHQCQICKKAFKHKHHLIEHSRLHSGEKPYQCDKCGKRFSHSGSYSQHMNHRYSY,QMLTQGAGNRKFKCTECGKAFKYKHHLKEHLRIHSGEKPYECPNCKKRFSHSGSYSSHISSKKCIGLISVNGRMRNNIKTGSSPNSVSSS
ZEB2|7A,ZEB2|23A,0,12,19,65,72,0.015,21.2,38,QMLTQGAGNRKFKCTECGKAFKYKHHLKEHLRIHSGEKPYECPNCKKRFSHSGSYSSHISSKKCIGLISVNGRMRNNIKTGSSPNSVSSS,IKKTESGMYACDLCDKTFQKSSSLLRHKYEHTGKRPHQCQICKKAFKHKHHLIEHSRLHSGEKPYQCDKCGKRFSHSGSYSQHMNHRYSY
ZEB2|23A,ZEB2|7A,0,76,83,51,58,5.28e-23,74.3,32,IKKTESGMYACDLCDKTFQKSSSLLRHKYEHTGKRPHQCQICKKAFKHKHHLIEHSRLHSGEKPYQCDKCGKRFSHSGSYSQHMNHRYSY,QMLTQGAGNRKFKCTECGKAFKYKHHLKEHLRIHSGEKPYECPNCKKRFSHSGSYSSHISSKKCIGLISVNGRMRNNIKTGSSPNSVSSS
ZEB2|7A,ZEB2|23A,0,51,58,76,83,5.28e-23,74.3,38,QMLTQGAGNRKFKCTECGKAFKYKHHLKEHLRIHSGEKPYECPNCKKRFSHSGSYSSHISSKKCIGLISVNGRMRNNIKTGSSPNSVSSS,IKKTESGMYACDLCDKTFQKSSSLLRHKYEHTGKRPHQCQICKKAFKHKHHLIEHSRLHSGEKPYQCDKCGKRFSHSGSYSQHMNHRYSY
ZEB2|23A,ZEB2|13A,0,32,42,36,46,0.008,21.9,32,IKKTESGMYACDLCDKTFQKSSSLLRHKYEHTGKRPHQCQICKKAFKHKHHLIEHSRLHSGEKPYQCDKCGKRFSHSGSYSQHMNHRYSY,QSLTTDSRRQISNIKKEKLRTLIDLVTDDKMIENHNISTPFSCQFCKESFPGPIPLHQHERYLCKMNEEIKAVLQPHENIVPNKAGVFVD
ZEB2|13A,ZEB2|23A,0,36,46,32,42,0.008,21.9,16,QSLTTDSRRQISNIKKEKLRTLIDLVTDDKMIENHNISTPFSCQFCKESFPGPIPLHQHERYLCKMNEEIKAVLQPHENIVPNKAGVFVD,IKKTESGMYACDLCDKTFQKSSSLLRHKYEHTGKRPHQCQICKKAFKHKHHLIEHSRLHSGEKPYQCDKCGKRFSHSGSYSQHMNHRYSY
ZEB2|23A,ZEB2|13A,0,37,45,41,49,0.008,21.9,32,IKKTESGMYACDLCDKTFQKSSSLLRHKYEHTGKRPHQCQICKKAFKHKHHLIEHSRLHSGEKPYQCDKCGKRFSHSGSYSQHMNHRYSY,QSLTTDSRRQISNIKKEKLRTLIDLVTDDKMIENHNISTPFSCQFCKESFPGPIPLHQHERYLCKMNEEIKAVLQPHENIVPNKAGVFVD
ZEB2|13A,ZEB2|23A,0,41,49,37,45,0.008,21.9,16,QSLTTDSRRQISNIKKEKLRTLIDLVTDDKMIENHNISTPFSCQFCKESFPGPIPLHQHERYLCKMNEEIKAVLQPHENIVPNKAGVFVD,IKKTESGMYACDLCDKTFQKSSSLLRHKYEHTGKRPHQCQICKKAFKHKHHLIEHSRLHSGEKPYQCDKCGKRFSHSGSYSQHMNHRYSY
ZEB2|23A,ZEB2|13A,0,9,16,10,17,0.086,19.2,32,IKKTESGMYACDLCDKTFQKSSSLLRHKYEHTGKRPHQCQICKKAFKHKHHLIEHSRLHSGEKPYQCDKCGKRFSHSGSYSQHMNHRYSY,QSLTTDSRRQISNIKKEKLRTLIDLVTDDKMIENHNISTPFSCQFCKESFPGPIPLHQHERYLCKMNEEIKAVLQPHENIVPNKAGVFVD
ZEB2|13A,ZEB2|23A,0,10,17,9,16,0.086,19.2,16,QSLTTDSRRQISNIKKEKLRTLIDLVTDDKMIENHNISTPFSCQFCKESFPGPIPLHQHERYLCKMNEEIKAVLQPHENIVPNKAGVFVD,IKKTESGMYACDLCDKTFQKSSSLLRHKYEHTGKRPHQCQICKKAFKHKHHLIEHSRLHSGEKPYQCDKCGKRFSHSGSYSQHMNHRYSY
ZEB2|23A,ZEB2|13A,0,20,27,21,28,0.086,19.2,32,IKKTESGMYACDLCDKTFQKSSSLLRHKYEHTGKRPHQCQICKKAFKHKHHLIEHSRLHSGEKPYQCDKCGKRFSHSGSYSQHMNHRYSY,QSLTTDSRRQISNIKKEKLRTLIDLVTDDKMIENHNISTPFSCQFCKESFPGPIPLHQHERYLCKMNEEIKAVLQPHENIVPNKAGVFVD
ZEB2|13A,ZEB2|23A,0,21,28,20,27,0.086,19.2,16,QSLTTDSRRQISNIKKEKLRTLIDLVTDDKMIENHNISTPFSCQFCKESFPGPIPLHQHERYLCKMNEEIKAVLQPHENIVPNKAGVFVD,IKKTESGMYACDLCDKTFQKSSSLLRHKYEHTGKRPHQCQICKKAFKHKHHLIEHSRLHSGEKPYQCDKCGKRFSHSGSYSQHMNHRYSY
ZEB2|23A,ZEB1|20B,0,9,16,50,57,2.14e-31,95.5,32,IKKTESGMYACDLCDKTFQKSSSLLRHKYEHTGKRPHQCQICKKAFKHKHHLIEHSRLHSGEKPYQCDKCGKRFSHSGSYSQHMNHRYSY,EPPLKVIQPNGNQDERQDTSSEGVSNVEDQNDSDSTPPKKKMRKTENGMYACDLCDKIFQKSSSLLRHKYEHTGKRPHECGICKKAFKHK
ZEB1|20B,ZEB2|23A,0,50,57,9,16,2.14e-31,95.5,26,EPPLKVIQPNGNQDERQDTSSEGVSNVEDQNDSDSTPPKKKMRKTENGMYACDLCDKIFQKSSSLLRHKYEHTGKRPHECGICKKAFKHK,IKKTESGMYACDLCDKTFQKSSSLLRHKYEHTGKRPHQCQICKKAFKHKHHLIEHSRLHSGEKPYQCDKCGKRFSHSGSYSQHMNHRYSY
ZEB2|23A,ZEB1|20B,0,20,27,61,68,2.14e-31,95.5,32,IKKTESGMYACDLCDKTFQKSSSLLRHKYEHTGKRPHQCQICKKAFKHKHHLIEHSRLHSGEKPYQCDKCGKRFSHSGSYSQHMNHRYSY,EPPLKVIQPNGNQDERQDTSSEGVSNVEDQNDSDSTPPKKKMRKTENGMYACDLCDKIFQKSSSLLRHKYEHTGKRPHECGICKKAFKHK
ZEB1|20B,ZEB2|23A,0,61,68,20,27,2.14e-31,95.5,26,EPPLKVIQPNGNQDERQDTSSEGVSNVEDQNDSDSTPPKKKMRKTENGMYACDLCDKIFQKSSSLLRHKYEHTGKRPHECGICKKAFKHK,IKKTESGMYACDLCDKTFQKSSSLLRHKYEHTGKRPHQCQICKKAFKHKHHLIEHSRLHSGEKPYQCDKCGKRFSHSGSYSQHMNHRYSY
ZEB2|23A,ZEB1|20B,0,32,42,73,83,2.14e-31,95.5,32,IKKTESGMYACDLCDKTFQKSSSLLRHKYEHTGKRPHQCQICKKAFKHKHHLIEHSRLHSGEKPYQCDKCGKRFSHSGSYSQHMNHRYSY,EPPLKVIQPNGNQDERQDTSSEGVSNVEDQNDSDSTPPKKKMRKTENGMYACDLCDKIFQKSSSLLRHKYEHTGKRPHECGICKKAFKHK
ZEB1|20B,ZEB2|23A,0,73,83,32,42,2.14e-31,95.5,26,EPPLKVIQPNGNQDERQDTSSEGVSNVEDQNDSDSTPPKKKMRKTENGMYACDLCDKIFQKSSSLLRHKYEHTGKRPHECGICKKAFKHK,IKKTESGMYACDLCDKTFQKSSSLLRHKYEHTGKRPHQCQICKKAFKHKHHLIEHSRLHSGEKPYQCDKCGKRFSHSGSYSQHMNHRYSY
ZEB2|23A,ZEB1|20B,0,37,45,78,86,2.14e-31,95.5,32,IKKTESGMYACDLCDKTFQKSSSLLRHKYEHTGKRPHQCQICKKAFKHKHHLIEHSRLHSGEKPYQCDKCGKRFSHSGSYSQHMNHRYSY,EPPLKVIQPNGNQDERQDTSSEGVSNVEDQNDSDSTPPKKKMRKTENGMYACDLCDKIFQKSSSLLRHKYEHTGKRPHECGICKKAFKHK
ZEB1|20B,ZEB2|23A,0,78,86,37,45,2.14e-31,95.5,26,EPPLKVIQPNGNQDERQDTSSEGVSNVEDQNDSDSTPPKKKMRKTENGMYACDLCDKIFQKSSSLLRHKYEHTGKRPHECGICKKAFKHK,IKKTESGMYACDLCDKTFQKSSSLLRHKYEHTGKRPHQCQICKKAFKHKHHLIEHSRLHSGEKPYQCDKCGKRFSHSGSYSQHMNHRYSY
ZEB2|7A,ZEB1|21A,0,9,17,30,38,2.28e-23,75.1,38,QMLTQGAGNRKFKCTECGKAFKYKHHLKEHLRIHSGEKPYECPNCKKRFSHSGSYSSHISSKKCIGLISVNGRMRNNIKTGSSPNSVSSS,ENGMYACDLCDKIFQKSSSLLRHKYEHTGKRPHECGICKKAFKHKHHLIEHMRLHSGEKPYQCDKCGKRFSHSGSYSQHMNHRYSYCKRE
ZEB1|21A,ZEB2|7A,0,30,38,9,17,2.28e-23,75.1,40,ENGMYACDLCDKIFQKSSSLLRHKYEHTGKRPHECGICKKAFKHKHHLIEHMRLHSGEKPYQCDKCGKRFSHSGSYSQHMNHRYSYCKRE,QMLTQGAGNRKFKCTECGKAFKYKHHLKEHLRIHSGEKPYECPNCKKRFSHSGSYSSHISSKKCIGLISVNGRMRNNIKTGSSPNSVSSS
ZEB2|7A,ZEB1|21A,0,12,19,33,40,2.28e-23,75.1,38,QMLTQGAGNRKFKCTECGKAFKYKHHLKEHLRIHSGEKPYECPNCKKRFSHSGSYSSHISSKKCIGLISVNGRMRNNIKTGSSPNSVSSS,ENGMYACDLCDKIFQKSSSLLRHKYEHTGKRPHECGICKKAFKHKHHLIEHMRLHSGEKPYQCDKCGKRFSHSGSYSQHMNHRYSYCKRE
ZEB1|21A,ZEB2|7A,0,33,40,12,19,2.28e-23,75.1,40,ENGMYACDLCDKIFQKSSSLLRHKYEHTGKRPHECGICKKAFKHKHHLIEHMRLHSGEKPYQCDKCGKRFSHSGSYSQHMNHRYSYCKRE,QMLTQGAGNRKFKCTECGKAFKYKHHLKEHLRIHSGEKPYECPNCKKRFSHSGSYSSHISSKKCIGLISVNGRMRNNIKTGSSPNSVSSS
ZEB2|7A,ZEB1|21A,0,40,47,61,68,2.28e-23,75.1,38,QMLTQGAGNRKFKCTECGKAFKYKHHLKEHLRIHSGEKPYECPNCKKRFSHSGSYSSHISSKKCIGLISVNGRMRNNIKTGSSPNSVSSS,ENGMYACDLCDKIFQKSSSLLRHKYEHTGKRPHECGICKKAFKHKHHLIEHMRLHSGEKPYQCDKCGKRFSHSGSYSQHMNHRYSYCKRE
ZEB1|21A,ZEB2|7A,0,61,68,40,47,2.28e-23,75.1,40,ENGMYACDLCDKIFQKSSSLLRHKYEHTGKRPHECGICKKAFKHKHHLIEHMRLHSGEKPYQCDKCGKRFSHSGSYSQHMNHRYSYCKRE,QMLTQGAGNRKFKCTECGKAFKYKHHLKEHLRIHSGEKPYECPNCKKRFSHSGSYSSHISSKKCIGLISVNGRMRNNIKTGSSPNSVSSS
ZEB2|7A,ZEB1|21A,0,51,58,72,79,2.28e-23,75.1,38,QMLTQGAGNRKFKCTECGKAFKYKHHLKEHLRIHSGEKPYECPNCKKRFSHSGSYSSHISSKKCIGLISVNGRMRNNIKTGSSPNSVSSS,ENGMYACDLCDKIFQKSSSLLRHKYEHTGKRPHECGICKKAFKHKHHLIEHMRLHSGEKPYQCDKCGKRFSHSGSYSQHMNHRYSYCKRE
ZEB1|21A,ZEB2|7A,0,72,79,51,58,2.28e-23,75.1,40,ENGMYACDLCDKIFQKSSSLLRHKYEHTGKRPHECGICKKAFKHKHHLIEHMRLHSGEKPYQCDKCGKRFSHSGSYSQHMNHRYSYCKRE,QMLTQGAGNRKFKCTECGKAFKYKHHLKEHLRIHSGEKPYECPNCKKRFSHSGSYSSHISSKKCIGLISVNGRMRNNIKTGSSPNSVSSS
ZEB2|7A,ZEB1|21A,0,55,62,76,83,2.28e-23,75.1,38,QMLTQGAGNRKFKCTECGKAFKYKHHLKEHLRIHSGEKPYECPNCKKRFSHSGSYSSHISSKKCIGLISVNGRMRNNIKTGSSPNSVSSS,ENGMYACDLCDKIFQKSSSLLRHKYEHTGKRPHECGICKKAFKHKHHLIEHMRLHSGEKPYQCDKCGKRFSHSGSYSQHMNHRYSYCKRE
ZEB1|21A,ZEB2|7A,0,76,83,55,62,2.28e-23,75.1,40,ENGMYACDLCDKIFQKSSSLLRHKYEHTGKRPHECGICKKAFKHKHHLIEHMRLHSGEKPYQCDKCGKRFSHSGSYSQHMNHRYSYCKRE,QMLTQGAGNRKFKCTECGKAFKYKHHLKEHLRIHSGEKPYECPNCKKRFSHSGSYSSHISSKKCIGLISVNGRMRNNIKTGSSPNSVSSS
ZEB2|7A,ZEB1|20B,0,40,47,50,57,0.46,16.9,38,QMLTQGAGNRKFKCTECGKAFKYKHHLKEHLRIHSGEKPYECPNCKKRFSHSGSYSSHISSKKCIGLISVNGRMRNNIKTGSSPNSVSSS,EPPLKVIQPNGNQDERQDTSSEGVSNVEDQNDSDSTPPKKKMRKTENGMYACDLCDKIFQKSSSLLRHKYEHTGKRPHECGICKKAFKHK
ZEB1|20B,ZEB2|7A,0,50,57,40,47,0.46,16.9,26,EPPLKVIQPNGNQDERQDTSSEGVSNVEDQNDSDSTPPKKKMRKTENGMYACDLCDKIFQKSSSLLRHKYEHTGKRPHECGICKKAFKHK,QMLTQGAGNRKFKCTECGKAFKYKHHLKEHLRIHSGEKPYECPNCKKRFSHSGSYSSHISSKKCIGLISVNGRMRNNIKTGSSPNSVSSS
ZEB2|7A,ZEB1|20B,0,51,58,61,68,0.46,16.9,38,QMLTQGAGNRKFKCTECGKAFKYKHHLKEHLRIHSGEKPYECPNCKKRFSHSGSYSSHISSKKCIGLISVNGRMRNNIKTGSSPNSVSSS,EPPLKVIQPNGNQDERQDTSSEGVSNVEDQNDSDSTPPKKKMRKTENGMYACDLCDKIFQKSSSLLRHKYEHTGKRPHECGICKKAFKHK
ZEB1|20B,ZEB2|7A,0,61,68,51,58,0.46,16.9,26,EPPLKVIQPNGNQDERQDTSSEGVSNVEDQNDSDSTPPKKKMRKTENGMYACDLCDKIFQKSSSLLRHKYEHTGKRPHECGICKKAFKHK,QMLTQGAGNRKFKCTECGKAFKYKHHLKEHLRIHSGEKPYECPNCKKRFSHSGSYSSHISSKKCIGLISVNGRMRNNIKTGSSPNSVSSS
ZEB2|7A,ZEB1|21A,0,9,17,2,10,7.23e-06,30,38,QMLTQGAGNRKFKCTECGKAFKYKHHLKEHLRIHSGEKPYECPNCKKRFSHSGSYSSHISSKKCIGLISVNGRMRNNIKTGSSPNSVSSS,ENGMYACDLCDKIFQKSSSLLRHKYEHTGKRPHECGICKKAFKHKHHLIEHMRLHSGEKPYQCDKCGKRFSHSGSYSQHMNHRYSYCKRE
ZEB1|21A,ZEB2|7A,0,2,10,9,17,7.23e-06,30,40,ENGMYACDLCDKIFQKSSSLLRHKYEHTGKRPHECGICKKAFKHKHHLIEHMRLHSGEKPYQCDKCGKRFSHSGSYSQHMNHRYSYCKRE,QMLTQGAGNRKFKCTECGKAFKYKHHLKEHLRIHSGEKPYECPNCKKRFSHSGSYSSHISSKKCIGLISVNGRMRNNIKTGSSPNSVSSS
ZEB2|7A,ZEB1|21A,0,12,19,5,12,7.23e-06,30,38,QMLTQGAGNRKFKCTECGKAFKYKHHLKEHLRIHSGEKPYECPNCKKRFSHSGSYSSHISSKKCIGLISVNGRMRNNIKTGSSPNSVSSS,ENGMYACDLCDKIFQKSSSLLRHKYEHTGKRPHECGICKKAFKHKHHLIEHMRLHSGEKPYQCDKCGKRFSHSGSYSQHMNHRYSYCKRE
ZEB1|21A,ZEB2|7A,0,5,12,12,19,7.23e-06,30,40,ENGMYACDLCDKIFQKSSSLLRHKYEHTGKRPHECGICKKAFKHKHHLIEHMRLHSGEKPYQCDKCGKRFSHSGSYSQHMNHRYSYCKRE,QMLTQGAGNRKFKCTECGKAFKYKHHLKEHLRIHSGEKPYECPNCKKRFSHSGSYSSHISSKKCIGLISVNGRMRNNIKTGSSPNSVSSS
ZEB2|7A,ZEB1|21A,0,40,47,33,40,7.23e-06,30,38,QMLTQGAGNRKFKCTECGKAFKYKHHLKEHLRIHSGEKPYECPNCKKRFSHSGSYSSHISSKKCIGLISVNGRMRNNIKTGSSPNSVSSS,ENGMYACDLCDKIFQKSSSLLRHKYEHTGKRPHECGICKKAFKHKHHLIEHMRLHSGEKPYQCDKCGKRFSHSGSYSQHMNHRYSYCKRE
ZEB1|21A,ZEB2|7A,0,33,40,40,47,7.23e-06,30,40,ENGMYACDLCDKIFQKSSSLLRHKYEHTGKRPHECGICKKAFKHKHHLIEHMRLHSGEKPYQCDKCGKRFSHSGSYSQHMNHRYSYCKRE,QMLTQGAGNRKFKCTECGKAFKYKHHLKEHLRIHSGEKPYECPNCKKRFSHSGSYSSHISSKKCIGLISVNGRMRNNIKTGSSPNSVSSS
ZEB2|7A,ZEB1|21A,0,9,17,58,66,0.015,21.2,38,QMLTQGAGNRKFKCTECGKAFKYKHHLKEHLRIHSGEKPYECPNCKKRFSHSGSYSSHISSKKCIGLISVNGRMRNNIKTGSSPNSVSSS,ENGMYACDLCDKIFQKSSSLLRHKYEHTGKRPHECGICKKAFKHKHHLIEHMRLHSGEKPYQCDKCGKRFSHSGSYSQHMNHRYSYCKRE
ZEB1|21A,ZEB2|7A,0,58,66,9,17,0.015,21.2,40,ENGMYACDLCDKIFQKSSSLLRHKYEHTGKRPHECGICKKAFKHKHHLIEHMRLHSGEKPYQCDKCGKRFSHSGSYSQHMNHRYSYCKRE,QMLTQGAGNRKFKCTECGKAFKYKHHLKEHLRIHSGEKPYECPNCKKRFSHSGSYSSHISSKKCIGLISVNGRMRNNIKTGSSPNSVSSS
ZEB2|7A,ZEB1|21A,0,12,19,61,68,0.015,21.2,38,QMLTQGAGNRKFKCTECGKAFKYKHHLKEHLRIHSGEKPYECPNCKKRFSHSGSYSSHISSKKCIGLISVNGRMRNNIKTGSSPNSVSSS,ENGMYACDLCDKIFQKSSSLLRHKYEHTGKRPHECGICKKAFKHKHHLIEHMRLHSGEKPYQCDKCGKRFSHSGSYSQHMNHRYSYCKRE
ZEB1|21A,ZEB2|7A,0,61,68,12,19,0.015,21.2,40,ENGMYACDLCDKIFQKSSSLLRHKYEHTGKRPHECGICKKAFKHKHHLIEHMRLHSGEKPYQCDKCGKRFSHSGSYSQHMNHRYSYCKRE,QMLTQGAGNRKFKCTECGKAFKYKHHLKEHLRIHSGEKPYECPNCKKRFSHSGSYSSHISSKKCIGLISVNGRMRNNIKTGSSPNSVSSS
ZEB2|7A,ZEB2|13A,0,35,45,36,46,0.26,17.7,38,QMLTQGAGNRKFKCTECGKAFKYKHHLKEHLRIHSGEKPYECPNCKKRFSHSGSYSSHISSKKCIGLISVNGRMRNNIKTGSSPNSVSSS,QSLTTDSRRQISNIKKEKLRTLIDLVTDDKMIENHNISTPFSCQFCKESFPGPIPLHQHERYLCKMNEEIKAVLQPHENIVPNKAGVFVD
ZEB2|13A,ZEB2|7A,0,36,46,35,45,0.17,18.1,16,QSLTTDSRRQISNIKKEKLRTLIDLVTDDKMIENHNISTPFSCQFCKESFPGPIPLHQHERYLCKMNEEIKAVLQPHENIVPNKAGVFVD,QMLTQGAGNRKFKCTECGKAFKYKHHLKEHLRIHSGEKPYECPNCKKRFSHSGSYSSHISSKKCIGLISVNGRMRNNIKTGSSPNSVSSS
ZEB2|7A,ZEB2|13A,0,40,47,41,48,0.26,17.7,38,QMLTQGAGNRKFKCTECGKAFKYKHHLKEHLRIHSGEKPYECPNCKKRFSHSGSYSSHISSKKCIGLISVNGRMRNNIKTGSSPNSVSSS,QSLTTDSRRQISNIKKEKLRTLIDLVTDDKMIENHNISTPFSCQFCKESFPGPIPLHQHERYLCKMNEEIKAVLQPHENIVPNKAGVFVD
ZEB2|13A,ZEB2|7A,0,41,48,40,47,0.17,18.1,16,QSLTTDSRRQISNIKKEKLRTLIDLVTDDKMIENHNISTPFSCQFCKESFPGPIPLHQHERYLCKMNEEIKAVLQPHENIVPNKAGVFVD,QMLTQGAGNRKFKCTECGKAFKYKHHLKEHLRIHSGEKPYECPNCKKRFSHSGSYSSHISSKKCIGLISVNGRMRNNIKTGSSPNSVSSS
ZEB2|7A,ZEB1|20B,0,12,19,50,57,2.06e-06,31.6,38,QMLTQGAGNRKFKCTECGKAFKYKHHLKEHLRIHSGEKPYECPNCKKRFSHSGSYSSHISSKKCIGLISVNGRMRNNIKTGSSPNSVSSS,EPPLKVIQPNGNQDERQDTSSEGVSNVEDQNDSDSTPPKKKMRKTENGMYACDLCDKIFQKSSSLLRHKYEHTGKRPHECGICKKAFKHK
ZEB1|20B,ZEB2|7A,0,50,57,12,19,2.06e-06,31.6,26,EPPLKVIQPNGNQDERQDTSSEGVSNVEDQNDSDSTPPKKKMRKTENGMYACDLCDKIFQKSSSLLRHKYEHTGKRPHECGICKKAFKHK,QMLTQGAGNRKFKCTECGKAFKYKHHLKEHLRIHSGEKPYECPNCKKRFSHSGSYSSHISSKKCIGLISVNGRMRNNIKTGSSPNSVSSS
ZEB2|7A,ZEB1|20B,0,35,45,73,83,2.06e-06,31.6,38,QMLTQGAGNRKFKCTECGKAFKYKHHLKEHLRIHSGEKPYECPNCKKRFSHSGSYSSHISSKKCIGLISVNGRMRNNIKTGSSPNSVSSS,EPPLKVIQPNGNQDERQDTSSEGVSNVEDQNDSDSTPPKKKMRKTENGMYACDLCDKIFQKSSSLLRHKYEHTGKRPHECGICKKAFKHK
ZEB1|20B,ZEB2|7A,0,73,83,35,45,2.06e-06,31.6,26,EPPLKVIQPNGNQDERQDTSSEGVSNVEDQNDSDSTPPKKKMRKTENGMYACDLCDKIFQKSSSLLRHKYEHTGKRPHECGICKKAFKHK,QMLTQGAGNRKFKCTECGKAFKYKHHLKEHLRIHSGEKPYECPNCKKRFSHSGSYSSHISSKKCIGLISVNGRMRNNIKTGSSPNSVSSS
ZEB2|7A,ZEB1|20B,0,40,47,78,85,2.06e-06,31.6,38,QMLTQGAGNRKFKCTECGKAFKYKHHLKEHLRIHSGEKPYECPNCKKRFSHSGSYSSHISSKKCIGLISVNGRMRNNIKTGSSPNSVSSS,EPPLKVIQPNGNQDERQDTSSEGVSNVEDQNDSDSTPPKKKMRKTENGMYACDLCDKIFQKSSSLLRHKYEHTGKRPHECGICKKAFKHK
ZEB1|20B,ZEB2|7A,0,78,85,40,47,2.06e-06,31.6,26,EPPLKVIQPNGNQDERQDTSSEGVSNVEDQNDSDSTPPKKKMRKTENGMYACDLCDKIFQKSSSLLRHKYEHTGKRPHECGICKKAFKHK,QMLTQGAGNRKFKCTECGKAFKYKHHLKEHLRIHSGEKPYECPNCKKRFSHSGSYSSHISSKKCIGLISVNGRMRNNIKTGSSPNSVSSS
ZEB2|7A,ZEB1|20B,0,9,17,75,83,0.021,20.8,38,QMLTQGAGNRKFKCTECGKAFKYKHHLKEHLRIHSGEKPYECPNCKKRFSHSGSYSSHISSKKCIGLISVNGRMRNNIKTGSSPNSVSSS,EPPLKVIQPNGNQDERQDTSSEGVSNVEDQNDSDSTPPKKKMRKTENGMYACDLCDKIFQKSSSLLRHKYEHTGKRPHECGICKKAFKHK
ZEB1|20B,ZEB2|7A,0,75,83,9,17,0.035,20,26,EPPLKVIQPNGNQDERQDTSSEGVSNVEDQNDSDSTPPKKKMRKTENGMYACDLCDKIFQKSSSLLRHKYEHTGKRPHECGICKKAFKHK,QMLTQGAGNRKFKCTECGKAFKYKHHLKEHLRIHSGEKPYECPNCKKRFSHSGSYSSHISSKKCIGLISVNGRMRNNIKTGSSPNSVSSS
ZEB2|7A,ZEB1|20B,0,12,19,78,85,0.021,20.8,38,QMLTQGAGNRKFKCTECGKAFKYKHHLKEHLRIHSGEKPYECPNCKKRFSHSGSYSSHISSKKCIGLISVNGRMRNNIKTGSSPNSVSSS,EPPLKVIQPNGNQDERQDTSSEGVSNVEDQNDSDSTPPKKKMRKTENGMYACDLCDKIFQKSSSLLRHKYEHTGKRPHECGICKKAFKHK
ZEB1|20B,ZEB2|7A,0,78,85,12,19,0.035,20,26,EPPLKVIQPNGNQDERQDTSSEGVSNVEDQNDSDSTPPKKKMRKTENGMYACDLCDKIFQKSSSLLRHKYEHTGKRPHECGICKKAFKHK,QMLTQGAGNRKFKCTECGKAFKYKHHLKEHLRIHSGEKPYECPNCKKRFSHSGSYSSHISSKKCIGLISVNGRMRNNIKTGSSPNSVSSS
ZEB2|7A,ZEB1|6B,0,12,19,16,23,7.63e-39,114,38,QMLTQGAGNRKFKCTECGKAFKYKHHLKEHLRIHSGEKPYECPNCKKRFSHSGSYSSHISSKKCIGLISVNGRMRNNIKTGSSPNSVSSS,GRDQRHVTQSGCNRKFKCTECGKAFKYKHHLKEHLRIHSGEKPYECPNCKKRFSHSGSYSSHISSKKCISLIPVNGRPRTGLKTSQCSSP
ZEB1|6B,ZEB2|7A,0,16,23,12,19,7.63e-39,114,26,GRDQRHVTQSGCNRKFKCTECGKAFKYKHHLKEHLRIHSGEKPYECPNCKKRFSHSGSYSSHISSKKCISLIPVNGRPRTGLKTSQCSSP,QMLTQGAGNRKFKCTECGKAFKYKHHLKEHLRIHSGEKPYECPNCKKRFSHSGSYSSHISSKKCIGLISVNGRMRNNIKTGSSPNSVSSS
ZEB2|7A,ZEB2|23A,0,9,17,34,42,1.22e-16,58.2,38,QMLTQGAGNRKFKCTECGKAFKYKHHLKEHLRIHSGEKPYECPNCKKRFSHSGSYSSHISSKKCIGLISVNGRMRNNIKTGSSPNSVSSS,IKKTESGMYACDLCDKTFQKSSSLLRHKYEHTGKRPHQCQICKKAFKHKHHLIEHSRLHSGEKPYQCDKCGKRFSHSGSYSQHMNHRYSY
ZEB2|23A,ZEB2|7A,0,34,42,9,17,1.22e-16,58.2,32,IKKTESGMYACDLCDKTFQKSSSLLRHKYEHTGKRPHQCQICKKAFKHKHHLIEHSRLHSGEKPYQCDKCGKRFSHSGSYSQHMNHRYSY,QMLTQGAGNRKFKCTECGKAFKYKHHLKEHLRIHSGEKPYECPNCKKRFSHSGSYSSHISSKKCIGLISVNGRMRNNIKTGSSPNSVSSS
ZEB2|7A,ZEB2|23A,0,12,19,37,44,1.22e-16,58.2,38,QMLTQGAGNRKFKCTECGKAFKYKHHLKEHLRIHSGEKPYECPNCKKRFSHSGSYSSHISSKKCIGLISVNGRMRNNIKTGSSPNSVSSS,IKKTESGMYACDLCDKTFQKSSSLLRHKYEHTGKRPHQCQICKKAFKHKHHLIEHSRLHSGEKPYQCDKCGKRFSHSGSYSQHMNHRYSY
ZEB2|23A,ZEB2|7A,0,37,44,12,19,1.22e-16,58.2,32,IKKTESGMYACDLCDKTFQKSSSLLRHKYEHTGKRPHQCQICKKAFKHKHHLIEHSRLHSGEKPYQCDKCGKRFSHSGSYSQHMNHRYSY,QMLTQGAGNRKFKCTECGKAFKYKHHLKEHLRIHSGEKPYECPNCKKRFSHSGSYSSHISSKKCIGLISVNGRMRNNIKTGSSPNSVSSS
ZEB2|7A,ZEB2|23A,0,40,47,37,44,1.06e-05,29.6,38,QMLTQGAGNRKFKCTECGKAFKYKHHLKEHLRIHSGEKPYECPNCKKRFSHSGSYSSHISSKKCIGLISVNGRMRNNIKTGSSPNSVSSS,IKKTESGMYACDLCDKTFQKSSSLLRHKYEHTGKRPHQCQICKKAFKHKHHLIEHSRLHSGEKPYQCDKCGKRFSHSGSYSQHMNHRYSY
ZEB2|23A,ZEB2|7A,0,37,44,40,47,1.06e-05,29.6,32,IKKTESGMYACDLCDKTFQKSSSLLRHKYEHTGKRPHQCQICKKAFKHKHHLIEHSRLHSGEKPYQCDKCGKRFSHSGSYSQHMNHRYSY,QMLTQGAGNRKFKCTECGKAFKYKHHLKEHLRIHSGEKPYECPNCKKRFSHSGSYSSHISSKKCIGLISVNGRMRNNIKTGSSPNSVSSS
ZEB1|21A,ZEB1|20B,0,61,68,50,57,0.033,20.4,40,ENGMYACDLCDKIFQKSSSLLRHKYEHTGKRPHECGICKKAFKHKHHLIEHMRLHSGEKPYQCDKCGKRFSHSGSYSQHMNHRYSYCKRE,EPPLKVIQPNGNQDERQDTSSEGVSNVEDQNDSDSTPPKKKMRKTENGMYACDLCDKIFQKSSSLLRHKYEHTGKRPHECGICKKAFKHK
ZEB1|20B,ZEB1|21A,0,50,57,61,68,0.033,20.4,26,EPPLKVIQPNGNQDERQDTSSEGVSNVEDQNDSDSTPPKKKMRKTENGMYACDLCDKIFQKSSSLLRHKYEHTGKRPHECGICKKAFKHK,ENGMYACDLCDKIFQKSSSLLRHKYEHTGKRPHECGICKKAFKHKHHLIEHMRLHSGEKPYQCDKCGKRFSHSGSYSQHMNHRYSYCKRE
ZEB1|21A,ZEB1|20B,0,72,79,61,68,0.033,20.4,40,ENGMYACDLCDKIFQKSSSLLRHKYEHTGKRPHECGICKKAFKHKHHLIEHMRLHSGEKPYQCDKCGKRFSHSGSYSQHMNHRYSYCKRE,EPPLKVIQPNGNQDERQDTSSEGVSNVEDQNDSDSTPPKKKMRKTENGMYACDLCDKIFQKSSSLLRHKYEHTGKRPHECGICKKAFKHK
ZEB1|20B,ZEB1|21A,0,61,68,72,79,0.033,20.4,26,EPPLKVIQPNGNQDERQDTSSEGVSNVEDQNDSDSTPPKKKMRKTENGMYACDLCDKIFQKSSSLLRHKYEHTGKRPHECGICKKAFKHK,ENGMYACDLCDKIFQKSSSLLRHKYEHTGKRPHECGICKKAFKHKHHLIEHMRLHSGEKPYQCDKCGKRFSHSGSYSQHMNHRYSYCKRE
ZEB1|21A,ZEB2|13A,0,2,10,7,15,0.086,19.2,40,ENGMYACDLCDKIFQKSSSLLRHKYEHTGKRPHECGICKKAFKHKHHLIEHMRLHSGEKPYQCDKCGKRFSHSGSYSQHMNHRYSYCKRE,QSLTTDSRRQISNIKKEKLRTLIDLVTDDKMIENHNISTPFSCQFCKESFPGPIPLHQHERYLCKMNEEIKAVLQPHENIVPNKAGVFVD
ZEB2|13A,ZEB1|21A,0,7,15,2,10,0.086,19.2,16,QSLTTDSRRQISNIKKEKLRTLIDLVTDDKMIENHNISTPFSCQFCKESFPGPIPLHQHERYLCKMNEEIKAVLQPHENIVPNKAGVFVD,ENGMYACDLCDKIFQKSSSLLRHKYEHTGKRPHECGICKKAFKHKHHLIEHMRLHSGEKPYQCDKCGKRFSHSGSYSQHMNHRYSYCKRE
ZEB1|21A,ZEB2|13A,0,5,12,10,17,0.086,19.2,40,ENGMYACDLCDKIFQKSSSLLRHKYEHTGKRPHECGICKKAFKHKHHLIEHMRLHSGEKPYQCDKCGKRFSHSGSYSQHMNHRYSYCKRE,QSLTTDSRRQISNIKKEKLRTLIDLVTDDKMIENHNISTPFSCQFCKESFPGPIPLHQHERYLCKMNEEIKAVLQPHENIVPNKAGVFVD
ZEB2|13A,ZEB1|21A,0,10,17,5,12,0.086,19.2,16,QSLTTDSRRQISNIKKEKLRTLIDLVTDDKMIENHNISTPFSCQFCKESFPGPIPLHQHERYLCKMNEEIKAVLQPHENIVPNKAGVFVD,ENGMYACDLCDKIFQKSSSLLRHKYEHTGKRPHECGICKKAFKHKHHLIEHMRLHSGEKPYQCDKCGKRFSHSGSYSQHMNHRYSYCKRE
ZEB1|21A,ZEB2|13A,0,30,38,38,46,0.13,18.5,40,ENGMYACDLCDKIFQKSSSLLRHKYEHTGKRPHECGICKKAFKHKHHLIEHMRLHSGEKPYQCDKCGKRFSHSGSYSQHMNHRYSYCKRE,QSLTTDSRRQISNIKKEKLRTLIDLVTDDKMIENHNISTPFSCQFCKESFPGPIPLHQHERYLCKMNEEIKAVLQPHENIVPNKAGVFVD
ZEB2|13A,ZEB1|21A,0,38,46,30,38,0.13,18.5,16,QSLTTDSRRQISNIKKEKLRTLIDLVTDDKMIENHNISTPFSCQFCKESFPGPIPLHQHERYLCKMNEEIKAVLQPHENIVPNKAGVFVD,ENGMYACDLCDKIFQKSSSLLRHKYEHTGKRPHECGICKKAFKHKHHLIEHMRLHSGEKPYQCDKCGKRFSHSGSYSQHMNHRYSYCKRE
ZEB1|21A,ZEB2|13A,0,33,40,41,48,0.13,18.5,40,ENGMYACDLCDKIFQKSSSLLRHKYEHTGKRPHECGICKKAFKHKHHLIEHMRLHSGEKPYQCDKCGKRFSHSGSYSQHMNHRYSYCKRE,QSLTTDSRRQISNIKKEKLRTLIDLVTDDKMIENHNISTPFSCQFCKESFPGPIPLHQHERYLCKMNEEIKAVLQPHENIVPNKAGVFVD
ZEB2|13A,ZEB1|21A,0,41,48,33,40,0.13,18.5,16,QSLTTDSRRQISNIKKEKLRTLIDLVTDDKMIENHNISTPFSCQFCKESFPGPIPLHQHERYLCKMNEEIKAVLQPHENIVPNKAGVFVD,ENGMYACDLCDKIFQKSSSLLRHKYEHTGKRPHECGICKKAFKHKHHLIEHMRLHSGEKPYQCDKCGKRFSHSGSYSQHMNHRYSYCKRE
ZEB1|21A,ZEB1|20B,0,5,12,50,57,1.16e-32,98.6,40,ENGMYACDLCDKIFQKSSSLLRHKYEHTGKRPHECGICKKAFKHKHHLIEHMRLHSGEKPYQCDKCGKRFSHSGSYSQHMNHRYSYCKRE,EPPLKVIQPNGNQDERQDTSSEGVSNVEDQNDSDSTPPKKKMRKTENGMYACDLCDKIFQKSSSLLRHKYEHTGKRPHECGICKKAFKHK
ZEB1|20B,ZEB1|21A,0,50,57,5,12,1.16e-32,98.6,26,EPPLKVIQPNGNQDERQDTSSEGVSNVEDQNDSDSTPPKKKMRKTENGMYACDLCDKIFQKSSSLLRHKYEHTGKRPHECGICKKAFKHK,ENGMYACDLCDKIFQKSSSLLRHKYEHTGKRPHECGICKKAFKHKHHLIEHMRLHSGEKPYQCDKCGKRFSHSGSYSQHMNHRYSYCKRE
ZEB1|21A,ZEB1|20B,0,30,38,75,83,1.16e-32,98.6,40,ENGMYACDLCDKIFQKSSSLLRHKYEHTGKRPHECGICKKAFKHKHHLIEHMRLHSGEKPYQCDKCGKRFSHSGSYSQHMNHRYSYCKRE,EPPLKVIQPNGNQDERQDTSSEGVSNVEDQNDSDSTPPKKKMRKTENGMYACDLCDKIFQKSSSLLRHKYEHTGKRPHECGICKKAFKHK
ZEB1|20B,ZEB1|21A,0,75,83,30,38,1.16e-32,98.6,26,EPPLKVIQPNGNQDERQDTSSEGVSNVEDQNDSDSTPPKKKMRKTENGMYACDLCDKIFQKSSSLLRHKYEHTGKRPHECGICKKAFKHK,ENGMYACDLCDKIFQKSSSLLRHKYEHTGKRPHECGICKKAFKHKHHLIEHMRLHSGEKPYQCDKCGKRFSHSGSYSQHMNHRYSYCKRE
ZEB1|21A,ZEB1|20B,0,33,40,78,85,1.16e-32,98.6,40,ENGMYACDLCDKIFQKSSSLLRHKYEHTGKRPHECGICKKAFKHKHHLIEHMRLHSGEKPYQCDKCGKRFSHSGSYSQHMNHRYSYCKRE,EPPLKVIQPNGNQDERQDTSSEGVSNVEDQNDSDSTPPKKKMRKTENGMYACDLCDKIFQKSSSLLRHKYEHTGKRPHECGICKKAFKHK
ZEB1|20B,ZEB1|21A,0,78,85,33,40,1.16e-32,98.6,26,EPPLKVIQPNGNQDERQDTSSEGVSNVEDQNDSDSTPPKKKMRKTENGMYACDLCDKIFQKSSSLLRHKYEHTGKRPHECGICKKAFKHK,ENGMYACDLCDKIFQKSSSLLRHKYEHTGKRPHECGICKKAFKHKHHLIEHMRLHSGEKPYQCDKCGKRFSHSGSYSQHMNHRYSYCKRE
ZEB1|21A,ZEB2|22B,0,30,38,79,87,5.59e-26,81.6,40,ENGMYACDLCDKIFQKSSSLLRHKYEHTGKRPHECGICKKAFKHKHHLIEHMRLHSGEKPYQCDKCGKRFSHSGSYSQHMNHRYSYCKRE,FADMQQRRKYQRKQGFQGELLDGAQDYMSGLDDMTDSDSCLSRKKIKKTESGMYACDLCDKTFQKSSSLLRHKYEHTGKRPHQCQICKKA
ZEB2|22B,ZEB1|21A,0,79,87,30,38,5.59e-26,81.6,26,FADMQQRRKYQRKQGFQGELLDGAQDYMSGLDDMTDSDSCLSRKKIKKTESGMYACDLCDKTFQKSSSLLRHKYEHTGKRPHQCQICKKA,ENGMYACDLCDKIFQKSSSLLRHKYEHTGKRPHECGICKKAFKHKHHLIEHMRLHSGEKPYQCDKCGKRFSHSGSYSQHMNHRYSYCKRE
ZEB1|21A,ZEB2|22B,0,58,66,79,87,1.79e-08,37,40,ENGMYACDLCDKIFQKSSSLLRHKYEHTGKRPHECGICKKAFKHKHHLIEHMRLHSGEKPYQCDKCGKRFSHSGSYSQHMNHRYSYCKRE,FADMQQRRKYQRKQGFQGELLDGAQDYMSGLDDMTDSDSCLSRKKIKKTESGMYACDLCDKTFQKSSSLLRHKYEHTGKRPHQCQICKKA
ZEB2|22B,ZEB1|21A,0,79,87,58,66,1.79e-08,37,26,FADMQQRRKYQRKQGFQGELLDGAQDYMSGLDDMTDSDSCLSRKKIKKTESGMYACDLCDKTFQKSSSLLRHKYEHTGKRPHQCQICKKA,ENGMYACDLCDKIFQKSSSLLRHKYEHTGKRPHECGICKKAFKHKHHLIEHMRLHSGEKPYQCDKCGKRFSHSGSYSQHMNHRYSYCKRE
ZEB1|21A,ZEB1|6B,0,33,40,16,23,1.54e-22,73.2,40,ENGMYACDLCDKIFQKSSSLLRHKYEHTGKRPHECGICKKAFKHKHHLIEHMRLHSGEKPYQCDKCGKRFSHSGSYSQHMNHRYSYCKRE,GRDQRHVTQSGCNRKFKCTECGKAFKYKHHLKEHLRIHSGEKPYECPNCKKRFSHSGSYSSHISSKKCISLIPVNGRPRTGLKTSQCSSP
ZEB1|6B,ZEB1|21A,0,16,23,33,40,1.54e-22,73.2,26,GRDQRHVTQSGCNRKFKCTECGKAFKYKHHLKEHLRIHSGEKPYECPNCKKRFSHSGSYSSHISSKKCISLIPVNGRPRTGLKTSQCSSP,ENGMYACDLCDKIFQKSSSLLRHKYEHTGKRPHECGICKKAFKHKHHLIEHMRLHSGEKPYQCDKCGKRFSHSGSYSQHMNHRYSYCKRE
ZEB1|21A,ZEB1|6B,0,5,12,16,23,5.99e-06,30.4,40,ENGMYACDLCDKIFQKSSSLLRHKYEHTGKRPHECGICKKAFKHKHHLIEHMRLHSGEKPYQCDKCGKRFSHSGSYSQHMNHRYSYCKRE,GRDQRHVTQSGCNRKFKCTECGKAFKYKHHLKEHLRIHSGEKPYECPNCKKRFSHSGSYSSHISSKKCISLIPVNGRPRTGLKTSQCSSP
ZEB1|6B,ZEB1|21A,0,16,23,5,12,5.99e-06,30.4,26,GRDQRHVTQSGCNRKFKCTECGKAFKYKHHLKEHLRIHSGEKPYECPNCKKRFSHSGSYSSHISSKKCISLIPVNGRPRTGLKTSQCSSP,ENGMYACDLCDKIFQKSSSLLRHKYEHTGKRPHECGICKKAFKHKHHLIEHMRLHSGEKPYQCDKCGKRFSHSGSYSQHMNHRYSYCKRE
ZEB1|21A,ZEB2|23A,0,30,38,34,42,8.78e-60,167,40,ENGMYACDLCDKIFQKSSSLLRHKYEHTGKRPHECGICKKAFKHKHHLIEHMRLHSGEKPYQCDKCGKRFSHSGSYSQHMNHRYSYCKRE,IKKTESGMYACDLCDKTFQKSSSLLRHKYEHTGKRPHQCQICKKAFKHKHHLIEHSRLHSGEKPYQCDKCGKRFSHSGSYSQHMNHRYSY
ZEB2|23A,ZEB1|21A,0,34,42,30,38,8.78e-60,167,32,IKKTESGMYACDLCDKTFQKSSSLLRHKYEHTGKRPHQCQICKKAFKHKHHLIEHSRLHSGEKPYQCDKCGKRFSHSGSYSQHMNHRYSY,ENGMYACDLCDKIFQKSSSLLRHKYEHTGKRPHECGICKKAFKHKHHLIEHMRLHSGEKPYQCDKCGKRFSHSGSYSQHMNHRYSYCKRE
ZEB1|21A,ZEB2|23A,0,33,40,37,44,8.78e-60,167,40,ENGMYACDLCDKIFQKSSSLLRHKYEHTGKRPHECGICKKAFKHKHHLIEHMRLHSGEKPYQCDKCGKRFSHSGSYSQHMNHRYSYCKRE,IKKTESGMYACDLCDKTFQKSSSLLRHKYEHTGKRPHQCQICKKAFKHKHHLIEHSRLHSGEKPYQCDKCGKRFSHSGSYSQHMNHRYSY
ZEB2|23A,ZEB1|21A,0,37,44,33,40,8.78e-60,167,32,IKKTESGMYACDLCDKTFQKSSSLLRHKYEHTGKRPHQCQICKKAFKHKHHLIEHSRLHSGEKPYQCDKCGKRFSHSGSYSQHMNHRYSY,ENGMYACDLCDKIFQKSSSLLRHKYEHTGKRPHECGICKKAFKHKHHLIEHMRLHSGEKPYQCDKCGKRFSHSGSYSQHMNHRYSYCKRE
ZEB1|21A,ZEB2|7A,0,58,66,37,45,2.28e-23,75.1,40,ENGMYACDLCDKIFQKSSSLLRHKYEHTGKRPHECGICKKAFKHKHHLIEHMRLHSGEKPYQCDKCGKRFSHSGSYSQHMNHRYSYCKRE,QMLTQGAGNRKFKCTECGKAFKYKHHLKEHLRIHSGEKPYECPNCKKRFSHSGSYSSHISSKKCIGLISVNGRMRNNIKTGSSPNSVSSS
ZEB2|7A,ZEB1|21A,0,37,45,58,66,2.28e-23,75.1,38,QMLTQGAGNRKFKCTECGKAFKYKHHLKEHLRIHSGEKPYECPNCKKRFSHSGSYSSHISSKKCIGLISVNGRMRNNIKTGSSPNSVSSS,ENGMYACDLCDKIFQKSSSLLRHKYEHTGKRPHECGICKKAFKHKHHLIEHMRLHSGEKPYQCDKCGKRFSHSGSYSQHMNHRYSYCKRE
ZEB1|21A,ZEB2|7A,0,30,38,37,45,7.23e-06,30,40,ENGMYACDLCDKIFQKSSSLLRHKYEHTGKRPHECGICKKAFKHKHHLIEHMRLHSGEKPYQCDKCGKRFSHSGSYSQHMNHRYSYCKRE,QMLTQGAGNRKFKCTECGKAFKYKHHLKEHLRIHSGEKPYECPNCKKRFSHSGSYSSHISSKKCIGLISVNGRMRNNIKTGSSPNSVSSS
ZEB2|7A,ZEB1|21A,0,37,45,30,38,7.23e-06,30,38,QMLTQGAGNRKFKCTECGKAFKYKHHLKEHLRIHSGEKPYECPNCKKRFSHSGSYSSHISSKKCIGLISVNGRMRNNIKTGSSPNSVSSS,ENGMYACDLCDKIFQKSSSLLRHKYEHTGKRPHECGICKKAFKHKHHLIEHMRLHSGEKPYQCDKCGKRFSHSGSYSQHMNHRYSYCKRE
