id,1,10,11,12,13,14,15,16,17,18,19,2,20,21,22,23,24,25,26,27,28,29,3,30,31,32,33,34,35,36,37,38,39,4,40,41,42,43,44,45,46,47,48,49,5,50,51,52,53,54,55,56,57,58,59,6,60,61,62,63,64,65,66,67,68,69,7,70,71,72,73,74,75,76,8,9,<NA>
Alphapapillomavirus_Human papillomavirus type 29_Replication_protein_E1_(EC_3.6.4.12)_(ATP-dependent_helicase_E1)_44967_NA,,,,,,,,,,,,,,,,,,,,,,,,,,,,,,,,,,,,,,,,,,,,,,,,,,,,,,,,,,,,,,,,,,,,,,,,,,,,,1_56
Betapapillomavirus_Human papillomavirus type 37_Minor_capsid_protein_L2_66983_NA,,,,,,,,,,,,,,,,,,,,,,,,,,,,,,,,,,,,,,,,,,,,,,,,,,,,,,,,,,,,,,,,,,,,,,,,,,,,,1_30
Cytomegalovirus_Human cytomegalovirus_65_kDa_phosphoprotein_(pp65)_(65_kDa_matrix_phosphoprotein)_(Phosphoprotein_UL83)_(Tegument_protein_UL83)_24744_NA,,,,,,,,,,,,,,,,,,,,,,,,,,,,,,,,,,,,,,,,,,,,,,,,,,,,,,,,,,,,,,,,,,,,,,,,,,,,,1_29
Cytomegalovirus_Human cytomegalovirus_Truncated_membrane_protein_RL13_61983,,,,,,,,,,,,,,,,,,,,,,,,,,,,,,,,,,,,,,,,,,,,,,,,,,,,,,,,,,29_56,,,,,,,,,,,,,,,,,,,
Cytomegalovirus_Human cytomegalovirus_Truncated_membrane_protein_RL13_61984,,,,,,,,,,,,,,,,,,,,,,,,,,,,,,,,,,,,,,,,,,,,,,,,,,,,,,,,,,1_28,,,,,,,,,,,,,,,,,,,
Deltavirus_Hepatitis delta virus_Hepatitis_delta_antigen_(Fragment)_17562_NA,,,,,,,,,,,,,,,,,,,,,,,,,,,,,,,,,,,,,,,,,,,,,,,,,,,,,,,,,,,,,,,,,,,,,,,,,,,,,1_46
Enterovirus_Human enterovirus 71_Genome_polyprotein_[Cleaved_into:_Protein_VP0_(VP4-VP2)__Protein_VP4_(P1A)_(Virion_protein_4)__Protein_VP2_(P1B)_(Virion_protein_2)__Protein_VP3_(P1C)_(Virion_protein_3)__Protein_VP1_(P1D)_(Virion_protein_1)__Picornain_2A_(P2A)_(Protein_2A)_(EC_3.4.22.29)__Protein_2B_(P2B)__Protein_2C_(P2C)_(EC_3.6.1.15)__Protein_3A_(P3A)__Protein_3B_(P3B)_(VPg)__Picornain_3C_(EC_3.4.22.28)_(Protease_3C)_(P3C)__RNA-directed_RNA_polymerase_3D-POL_(P3D-POL)_(EC_2.7.7.48)]_88969,,,,,,,,,,,,,,,,,,,,,,,,,,,,,,,,,,,,,,,,,,,,,,,,,,,,,,,,,,,29_56,,,,,,,,,,,,,,,,,,
Enterovirus_Human enterovirus 71_Genome_polyprotein_[Cleaved_into:_Protein_VP0_(VP4-VP2)__Protein_VP4_(P1A)_(Virion_protein_4)__Protein_VP2_(P1B)_(Virion_protein_2)__Protein_VP3_(P1C)_(Virion_protein_3)__Protein_VP1_(P1D)_(Virion_protein_1)__Picornain_2A_(P2A)_(Protein_2A)_(EC_3.4.22.29)__Protein_2B_(P2B)__Protein_2C_(P2C)_(EC_3.6.1.15)__Protein_3A_(P3A)__Protein_3B_(P3B)_(VPg)__Picornain_3C_(EC_3.4.22.28)_(Protease_3C)_(P3C)__RNA-directed_RNA_polymerase_3D-POL_(P3D-POL)_(EC_2.7.7.48)]_88969_NA,,,,,,,,,,,,,,,,,,,,,,,,,,,,,,,,,,,,,,,,,,,,,,,,,,,,,,,,,,,,,,,,,,,,,,,,,,,,,1_56
Enterovirus_Human enterovirus 71_Genome_polyprotein_[Cleaved_into:_Protein_VP0_(VP4-VP2)__Protein_VP4_(P1A)_(Virion_protein_4)__Protein_VP2_(P1B)_(Virion_protein_2)__Protein_VP3_(P1C)_(Virion_protein_3)__Protein_VP1_(P1D)_(Virion_protein_1)__Picornain_2A_(P2A)_(Protein_2A)_(EC_3.4.22.29)__Protein_2B_(P2B)__Protein_2C_(P2C)_(EC_3.6.1.15)__Protein_3A_(P3A)__Protein_3B_(P3B)_(VPg)__Picornain_3C_(EC_3.4.22.28)_(Protease_3C)_(P3C)__RNA-directed_RNA_polymerase_3D-POL_(P3D-POL)_(EC_2.7.7.48)]_88970,,,,,,,,,,,,,,,,,,,,,,,,,,,,,,,,,,,,,,,,,,,,,,,,,,,,,,,,,,,1_28,,,,,,,,,,,,,,,,,,
Enterovirus_Human enterovirus 71_Genome_polyprotein_[Cleaved_into:_Protein_VP0_(VP4-VP2)__Protein_VP4_(P1A)_(Virion_protein_4)__Protein_VP2_(P1B)_(Virion_protein_2)__Protein_VP3_(P1C)_(Virion_protein_3)__Protein_VP1_(P1D)_(Virion_protein_1)__Picornain_2A_(P2A)_(Protein_2A)_(EC_3.4.22.29)__Protein_2B_(P2B)__Protein_2C_(P2C)_(EC_3.6.1.15)__Protein_3A_(P3A)__Protein_3B_(P3B)_(VPg)__Picornain_3C_(EC_3.4.22.28)_(Protease_3C)_(P3C)__RNA-directed_RNA_polymerase_3D-POL_(P3D-POL)_(EC_2.7.7.48)]_88970_NA,,,,,,,,,,,,,,,,,,,,,,,,,,,,,,,,,,,,,,,,,,,,,,,,,,,,,,,,,,,,,,,,,,,,,,,,,,,,,1_56
Flavivirus_Yellow fever virus_Genome_polyprotein_[Cleaved_into:_Capsid_protein_C_(Core_protein)__prM__Peptide_pr__Small_envelope_protein_M_(Matrix_protein)__Envelope_protein_E__Non-structural_protein_1_(NS1)__Non-structural_protein_2A_(NS2A)__Non-structural_protein_2A-alpha_(NS2A-alpha)__Serine_protease_subunit_NS2B_(Flavivirin_protease_NS2B_regulatory_subunit)_(Non-structural_protein_2B)__Serine_protease_NS3_(EC_3.4.21.91)_(EC_3.6.1.15)_(EC_3.6.4.13)_(Flavivirin_protease_NS3_catalytic_subunit)_(Non-structural_protein_3)__Non-structural_protein_4A_(NS4A)__Peptide_2k__Non-structural_protein_4B_(NS4B)__RNA-directed_RNA_polymerase_NS5_(EC_2.1.1.56)_(EC_2.1.1.57)_(EC_2.7.7.48)_(Non-structural_protein_5)]_50650,,,,,,,,,,,,,,,,,,,,,,,,,,,,,,,,,,,,,,,,1_56,,,,,,,,,,,,,,,,,,,,,,,,,,,,,,,,,,,,,
Flavivirus_Yellow fever virus_Genome_polyprotein_[Cleaved_into:_Capsid_protein_C_(Core_protein)__prM__Peptide_pr__Small_envelope_protein_M_(Matrix_protein)__Envelope_protein_E__Non-structural_protein_1_(NS1)__Non-structural_protein_2A_(NS2A)__Non-structural_protein_2A-alpha_(NS2A-alpha)__Serine_protease_subunit_NS2B_(Flavivirin_protease_NS2B_regulatory_subunit)_(Non-structural_protein_2B)__Serine_protease_NS3_(EC_3.4.21.91)_(EC_3.6.1.15)_(EC_3.6.4.13)_(Flavivirin_protease_NS3_catalytic_subunit)_(Non-structural_protein_3)__Non-structural_protein_4A_(NS4A)__Peptide_2k__Non-structural_protein_4B_(NS4B)__RNA-directed_RNA_polymerase_NS5_(EC_2.1.1.56)_(EC_2.1.1.57)_(EC_2.7.7.48)_(Non-structural_protein_5)]_50650_NA,,,,,,,,,,,,,,,,,,,,,,,,,,,,,,,,,,,,,,,,,,,,,,,,,,,,,,,,,,,,,,,,,,,,,,,,,,,,,1_56
Flavivirus_Yellow fever virus_Genome_polyprotein_[Cleaved_into:_Capsid_protein_C_(Core_protein)__prM__Peptide_pr__Small_envelope_protein_M_(Matrix_protein)__Envelope_protein_E__Non-structural_protein_1_(NS1)__Non-structural_protein_2A_(NS2A)__Non-structural_protein_2A-alpha_(NS2A-alpha)__Serine_protease_subunit_NS2B_(Flavivirin_protease_NS2B_regulatory_subunit)_(Non-structural_protein_2B)__Serine_protease_NS3_(EC_3.4.21.91)_(EC_3.6.1.15)_(EC_3.6.4.13)_(Flavivirin_protease_NS3_catalytic_subunit)_(Non-structural_protein_3)__Non-structural_protein_4A_(NS4A)__Peptide_2k__Non-structural_protein_4B_(NS4B)__RNA-directed_RNA_polymerase_NS5_(EC_2.1.1.56)_(EC_2.1.1.57)_(EC_2.7.7.48)_(Non-structural_protein_5)]_89793,,,,,,,,,,,,,,,,,,,,,,,,,,,,,,,,,,,,,,,,1_56,,,,,,,,,,,,,,,,,,,,,,,,,,,,,,,,,,,,,
Flavivirus_Yellow fever virus_Genome_polyprotein_[Cleaved_into:_Capsid_protein_C_(Core_protein)__prM__Peptide_pr__Small_envelope_protein_M_(Matrix_protein)__Envelope_protein_E__Non-structural_protein_1_(NS1)__Non-structural_protein_2A_(NS2A)__Non-structural_protein_2A-alpha_(NS2A-alpha)__Serine_protease_subunit_NS2B_(Flavivirin_protease_NS2B_regulatory_subunit)_(Non-structural_protein_2B)__Serine_protease_NS3_(EC_3.4.21.91)_(EC_3.6.1.15)_(EC_3.6.4.13)_(Flavivirin_protease_NS3_catalytic_subunit)_(Non-structural_protein_3)__Non-structural_protein_4A_(NS4A)__Peptide_2k__Non-structural_protein_4B_(NS4B)__RNA-directed_RNA_polymerase_NS5_(EC_2.1.1.56)_(EC_2.1.1.57)_(EC_2.7.7.48)_(Non-structural_protein_5)]_89793_NA,,,,,,,,,,,,,,,,,,,,,,,,,,,,,,,,,,,,,,,,,,,,,,,,,,,,,,,,,,,,,,,,,,,,,,,,,,,,,1_56
Gammaretrovirus_Xenotropic MuLV-related virus_Gag-Pol_polyprotein_(Pr180gag-pol)_[Cleaved_into:_Matrix_protein_p15_(MA)__RNA-binding_phosphoprotein_p12_(pp12)__Capsid_protein_p30_(CA)__Nucleocapsid_protein_p10_(NC-pol)__Protease_p14_(PR)_(EC_3.4.23.-)__Reverse_transcriptase_ribonuclease_H_p80_(RT)_(EC_2.7.7.49)_(EC_2.7.7.7)_(EC_3.1.26.4)__Integrase_p46_(IN)]_91124,,,,,,,,,,,,,,,,,,,,,,,,,,,,,,,,,,,,,,,,,1_56,,,,,,,,,,,,,,,,,,,,,,,,,,,,,,,,,,,,
Gammaretrovirus_Xenotropic MuLV-related virus_Gag-Pol_polyprotein_(Pr180gag-pol)_[Cleaved_into:_Matrix_protein_p15_(MA)__RNA-binding_phosphoprotein_p12_(pp12)__Capsid_protein_p30_(CA)__Nucleocapsid_protein_p10_(NC-pol)__Protease_p14_(PR)_(EC_3.4.23.-)__Reverse_transcriptase_ribonuclease_H_p80_(RT)_(EC_2.7.7.49)_(EC_2.7.7.7)_(EC_3.1.26.4)__Integrase_p46_(IN)]_91124_NA,,,,,,,,,,,,,,,,,,,,,,,,,,,,,,,,,,,,,,,,,,,,,,,,,,,,,,,,,,,,,,,,,,,,,,,,,,,,,1_56
Gammaretrovirus_Xenotropic MuLV-related virus_Gag-Pol_polyprotein_(Pr180gag-pol)_[Cleaved_into:_Matrix_protein_p15_(MA)__RNA-binding_phosphoprotein_p12_(pp12)__Capsid_protein_p30_(CA)__Nucleocapsid_protein_p10_(NC-pol)__Protease_p14_(PR)_(EC_3.4.23.-)__Reverse_transcriptase_ribonuclease_H_p80_(RT)_(EC_2.7.7.49)_(EC_2.7.7.7)_(EC_3.1.26.4)__Integrase_p46_(IN)]_91146,,,,,,,,,,,,,,,,,,,,,,,,,,,,,,,,,,,,,,,,,1_56,,,,,,,,,,,,,,,,,,,,,,,,,,,,,,,,,,,,
Gammaretrovirus_Xenotropic MuLV-related virus_Gag-Pol_polyprotein_(Pr180gag-pol)_[Cleaved_into:_Matrix_protein_p15_(MA)__RNA-binding_phosphoprotein_p12_(pp12)__Capsid_protein_p30_(CA)__Nucleocapsid_protein_p10_(NC-pol)__Protease_p14_(PR)_(EC_3.4.23.-)__Reverse_transcriptase_ribonuclease_H_p80_(RT)_(EC_2.7.7.49)_(EC_2.7.7.7)_(EC_3.1.26.4)__Integrase_p46_(IN)]_91146_NA,,,,,,,,,,,,,,,,,,,,,,,,,,,,,,,,,,,,,,,,,,,,,,,,,,,,,,,,,,,,,,,,,,,,,,,,,,,,,1_56
Hepacivirus_Hepatitis C virus genotype 1c_Genome_polyprotein_[Cleaved_into:_Core_protein_p21_(Capsid_protein_C)_(p21)__Core_protein_p19__Envelope_glycoprotein_E1_(gp32)_(gp35)__Envelope_glycoprotein_E2_(NS1)_(gp68)_(gp70)__p7__Protease_NS2-3_(p23)_(EC_3.4.22.-)__Serine_protease_NS3_(EC_3.4.21.98)_(EC_3.6.1.15)_(EC_3.6.4.13)_(Hepacivirin)_(NS3P)_(p70)__Non-structural_protein_4A_(NS4A)_(p8)__Non-structural_protein_4B_(NS4B)_(p27)__Non-structural_protein_5A_(NS5A)_(p56)__RNA-directed_RNA_polymerase_(EC_2.7.7.48)_(NS5B)_(p68)]_68070_NA,,,,,,,,,,,,,,,,,,,,,,,,,,,,,,,,,,,,,,,,,,,,,,,,,,,,,,,,,,,,,,,,,,,,,,,,,,,,,1_56
Influenzavirus A_Influenza A virus_Hemagglutinin_[Cleaved_into:_Hemagglutinin_HA1_chain__Hemagglutinin_HA2_chain]_81247,,,,,,,,,,,,,,,,,,,,,,,,,,,,1_56,,,,,,,,,,,,,,,,,,,,,,,,,,,,,,,,,,,,,,,,,,,,,,,,,
Influenzavirus A_Influenza A virus_Hemagglutinin_[Cleaved_into:_Hemagglutinin_HA1_chain__Hemagglutinin_HA2_chain]_81372,,,,,,,,,,,,,,,,,,,,,,,,,,,,1_56,,,,,,,,,,,,,,,,,,,,,,,,,,,,,,,,,,,,,,,,,,,,,,,,,
Influenzavirus A_Influenza A virus_Hemagglutinin_[Cleaved_into:_Hemagglutinin_HA1_chain__Hemagglutinin_HA2_chain]_81400,,,,,,,,,,,,,,,,,,,,,,,,,,,,1_56,,,,,,,,,,,,,,,,,,,,,,,,,,,,,,,,,,,,,,,,,,,,,,,,,
Lentivirus_Human immunodeficiency virus type 1 group M subtype B_Envelope_glycoprotein_gp160_(Env_polyprotein)_[Cleaved_into:_Surface_protein_gp120_(SU)_(Glycoprotein_120)_(gp120)__Transmembrane_protein_gp41_(TM)_(Glycoprotein_41)_(gp41)]_31638_NA,,,,,,,,,,,,,,,,,,,,,,,,,,,,,,,,,,,,,,,,,,,,,,,,,,,,,,,,,,,,,,,,,,,,,,,,,,,,,1_56
Lymphocryptovirus_Epstein-Barr virus_DNA_replication_helicase_(EC_3.6.4.-)_20989_NA,,,,,,,,,,,,,,,,,,,,,,,,,,,,,,,,,,,,,,,,,,,,,,,,,,,,,,,,,,,,,,,,,,,,,,,,,,,,,1_56
Mammarenavirus_Guanarito mammarenavirus_RNA-directed_RNA_polymerase_L_(Protein_L)_(EC_2.7.7.48)_(Large_structural_protein)_(Replicase)_(Transcriptase)_63574,,,,,,,,,,,,,,,,,,,,,,,,,,,,,16_46,,,,,,,,,,,,,,,,,,,,,,,,,,,,,,,,,,,,,,,,,,,,,,,,
Mammarenavirus_Guanarito mammarenavirus_RNA-directed_RNA_polymerase_L_(Protein_L)_(EC_2.7.7.48)_(Large_structural_protein)_(Replicase)_(Transcriptase)_63574_NA,,,,,,,,,,,,,,,,,,,,,,,,,,,,,,,,,,,,,,,,,,,,,,,,,,,,,,,,,,,,,,,,,,,,,,,,,,,,,1_56
Mammarenavirus_Pichinde mammarenavirus_RNA-directed_RNA_polymerase_L_(Protein_L)_(EC_2.7.7.48)_4681,,,,,,,,,,,,,,,,,,,,,,,,,,,,,14_44,,,,,,,,,,,,,1_7,,,,,,,,,,,,,,,,,,,,,,,,,,,,,,,,,,,
Mammarenavirus_Pichinde mammarenavirus_RNA-directed_RNA_polymerase_L_(Protein_L)_(EC_2.7.7.48)_4681_NA,,,,,,,,,,,,,,,,,,,,,,,,,,,,,,,,,,,,,,,,,,,,,,,,,,,,,,,,,,,,,,,,,,,,,,,,,,,,,1_56
Mammarenavirus_Sabia mammarenavirus_RNA-directed_RNA_polymerase_L_(Protein_L)_(EC_2.7.7.48)_(Large_structural_protein)_(Replicase)_(Transcriptase)_63493,,,,,,,,,,,,,,,,,,,,,,,,,,,,,20_50,,,,,,,,,,,,,6_12,,,,,,,,,,,,,,,,,,,,,,,,,,,,,,,,,,,
Mammarenavirus_Sabia mammarenavirus_RNA-directed_RNA_polymerase_L_(Protein_L)_(EC_2.7.7.48)_(Large_structural_protein)_(Replicase)_(Transcriptase)_63493_NA,,,,,,,,,,,,,,,,,,,,,,,,,,,,,,,,,,,,,,,,,,,,,,,,,,,,,,,,,,,,,,,,,,,,,,,,,,,,,1_56
Mastadenovirus_Human adenovirus 14_Orf4_(Uncharacterized_protein)_7105_NA,,,,,,,,,,,,,,,,,,,,,,,,,,,,,,,,,,,,,,,,,,,,,,,,,,,,,,,,,,,,,,,,,,,,,,,,,,,,,1_56
Mastadenovirus_Human adenovirus C serotype 1_11.6K_protein_17497_NA,,,,,,,,,,,,,,,,,,,,,,,,,,,,,,,,,,,,,,,,,,,,,,,,,,,,,,,,,,,,,,,,,,,,,,,,,,,,,1_38
Orthopneumovirus_Human respiratory syncytial virus B_Major_surface_glycoprotein_G_(Attachment_glycoprotein_G)_80451_NA,,,,,,,,,,,,,,,,,,,,,,,,,,,,,,,,,,,,,,,,,,,,,,,,,,,,,,,,,,,,,,,,,,,,,,,,,,,,,1_56
Parapoxvirus_Orf virus_PP39_14079_NA,,,,,,,,,,,,,,,,,,,,,,,,,,,,,,,,,,,,,,,,,,,,,,,,,,,,,,,,,,,,,,,,,,,,,,,,,,,,,1_56
Parapoxvirus_Pseudocowpox virus_mRNA_capping_enzyme_subunit_10303_NA,,,,,,,,,,,,,,,,,,,,,,,,,,,,,,,,,,,,,,,,,,,,,,,,,,,,,,,,,,,,,,,,,,,,,,,,,,,,,1_56
Phlebovirus_Punta toro phlebovirus_Nucleoprotein_(Nucleocapsid_protein)_(Protein_N)_22337,,,,,,,,,,,,,,,,,,,,,,,,,,,,,,,,,27_52,,,,,,,,,,1_24,,,,,,,,,,,,,,,,,,,,,,,,,,,,,,,,,,
Phlebovirus_Sandfly fever sicilian virus_Nucleocapsid_1297,,,,,,,,,,,,,,,,,,,,,,,,,,,,,,,,,29_54,,,,,,,,,,2_25,,,,,,,,,,,,,,,,,,,,,,,,,,,,,,,,,,
Phlebovirus_Sandfly fever sicilian virus_Nucleocapsid_1298,,,,,,,,,,,,,,,,,,,,,,,,,,,,,,,,,1_26,,,,,,,,,,,,,,,,,,,,,,,,,,,,,,,,,,,,,,,,,,,,
Seadornavirus_Banna virus_Structural_protein_VP10_79386_NA,,,,,,,,,,,,,,,,,,,,,,,,,,,,,,,,,,,,,,,,,,,,,,,,,,,,,,,,,,,,,,,,,,,,,,,,,,,,,1_56
Simplexvirus_Cercopithecine herpesvirus 1_Capsid_maturation_protease_(Protease)_66553,,,,,,,,,,,,,,,,,,,,,,,,,,,,,,,,,,40_48,,,,,,,,,,1_17,,,,,,,,,,,,,,,,,,,,,,,,,,,,,,,,,
Simplexvirus_Cercopithecine herpesvirus 1_Capsid_maturation_protease_(Protease)_66554,,,,29_36,,,,,,41_47,,,,,,,,,,,,,,,,,,,,,,,,12_20,36_45,,,,,,,,,,,,,,,,,,,,,,,,,,,,,,,,,,,,,,,,,,
Simplexvirus_Cercopithecine herpesvirus 1_Capsid_maturation_protease_(Protease)_66555,,,,10_17,21_28,,,,,,,,,,,,,,,,,,39_47,,,,,,,,,,,,,,,,,,,,,,,,,,,,,,,,,,,,,,,,,,,,,,,,,,,,,,
Simplexvirus_Cercopithecine herpesvirus 1_Capsid_maturation_protease_(Protease)_66556,,44_51,,,,2_10,,,,,,,29_35,,,20_28,48_56,,,,,,11_19,,,,,,,,,,,,,,,,,,,,,,35_41,,,,,,,,,,,,,,,,,,,,,,,,,,,,,,,,
Simplexvirus_Cercopithecine herpesvirus 1_Capsid_maturation_protease_(Protease)_66557,,16_23,,,,,,,,,,,,,,,20_28,,,,,,,,,,,,,,,,,,,,,,,,,,,,7_13,,,,,,,,,,,29_37,,,,,,,,,,,,,,,,,,,,,
Simplexvirus_Cercopithecine herpesvirus 1_Capsid_maturation_protease_(Protease)_66558,,,32_49,,,,,19_25,,,,,,,,,,13_19,,,,,,,,,,,,,,,,,,,,,,,,,,,,,,,,,,,,,,1_9,,,,,,,,,,,,,,,,,,,,,
Simplexvirus_Cercopithecine herpesvirus 1_Capsid_maturation_protease_(Protease)_66563,,,,,,,19_29,,,,,,,,,,,,,,,,,,,,,,,,,,,,,,,,,,,,,,,1_7,,,,,,,,,,,,,,,,,,,,,,,,,,,,,,10_16,
Simplexvirus_Cercopithecine herpesvirus 1_Envelope_glycoprotein_E_(gE)_41722,,,,,,,,,30_45,,,,,,,,,,,,,,,,,,,,,,,,,,,,,,,,,,,,,,,,,,,,,,,,,,,,,,,,,,,,,,,,,,,,
Simplexvirus_Cercopithecine herpesvirus 1_Envelope_glycoprotein_E_(gE)_41723,,,,,,,,,2_17,,39_51,,,,,,,,,,,,,,,,,,,,20_33,,,,,,,,,,,,,,,,,,,,,,,,,,,,,,,,,,,,,,,,,,,,,,
Simplexvirus_Cercopithecine herpesvirus 1_Glycoprotein_L_66830_NA,,,,,,,,,,,,,,,,,,,,,,,,,,,,,,,,,,,,,,,,,,,,,,,,,,,,,,,,,,,,,,,,,,,,,,,,,,,,,1_47
Simplexvirus_Cercopithecine herpesvirus 16_Glycoprotein_E_54191,,,,,,,,,30_45,,,,,,,,,,,,,,,,,,,,,,,,,,,,,,,,,,,,,,,,,,,,,,,,,,,,,,,,,,,,,,,,,,,,
Simplexvirus_Cercopithecine herpesvirus 16_Glycoprotein_E_54192,,,,,,,,,2_17,,39_51,,,,,,,,,,,,,,,,,,,,20_33,,,,,,,,,,,,,,,,,,,,,,,,,,,,,,,,,,,,,,,,,,,,,,
Simplexvirus_Cercopithecine herpesvirus 16_RNA-binding_tegument_protein_53345_NA,,,,,,,,,,,,,,,,,,,,,,,,,,,,,,,,,,,,,,,,,,,,,,,,,,,,,,,,,,,,,,,,,,,,,,,,,,,,,1_56
Simplexvirus_Cercopithecine herpesvirus 16_Tegument_protein_54169,,,,,,,,,,,,,,,,,,,,,,,,,,,,,,,,,,,,,,,,,,,,,,,,,,,,,5_17,20_27,28_56,,,,,,,,,,,,,,,,,,,,,,
Simplexvirus_Cercopithecine herpesvirus 16_UL26_55194,,,,,,,,,,,,,,,,,,,,,,,,,,,,,,,,,,43_51,,,,,,,,,,1_17,,,,,,,,,,,,,,,,,,,,,,,,,,,,,,,,,
Simplexvirus_Cercopithecine herpesvirus 16_UL26_55195,,,,32_39,,,,,,35_41,,,,,,,,,,,,,,,,,,,,,,,,15_23,,,,,,,,,,,,,,,,,,,,,,,,,,,,,,,,,,,,,,,,,,,
Simplexvirus_Cercopithecine herpesvirus 16_UL26_55196,,,,4_11,29_36,39_47,,,,7_13,,,,,,,,,,,,,48_56,,,,,,,,,,,,,,,,,,,,,,,,,,,,,,,,,,,,,,,,,,,,,,,,,,,,,,
Simplexvirus_Cercopithecine herpesvirus 16_UL26_55197,,,,,1_8,11_19,,,,,,,38_44,,,29_37,,,,,,,20_28,,,,,,,,,,,,,,,,,,,,,,44_50,,,,,,,,,,,,,,,,,,,,,,,,,,,,,,,,
Simplexvirus_Cercopithecine herpesvirus 16_UL26_55198,,25_32,,,,,,,,,,,10_16,,,1_9,29_37,50_56,,,,,,,,,,,,,,,,,,,,,,,,,,,16_22,,,,,,,,,,,38_46,,,,,,,,,,,,,,,,,,,,,
Simplexvirus_Cercopithecine herpesvirus 16_UL26_55199,,,39_56,,,,,25_31_28_34,,,,,,,,,1_9,22_28,,,,,,,,,,,,,,,,,,,,,,,,,,,,,,,,,,,,,,10_18,,,,,,,,,,,,,,,,,,,,,
Simplexvirus_Cercopithecine herpesvirus 16_UL26_55200,,,11_28,,,,,,,,,,,,,,,,,39_45,,,,,,,,,,,,,,,,,,,,,,,,,,,,,,,,,,,,,,,,,,,,,,,,,,,,,,,,,
Simplexvirus_Cercopithecine herpesvirus 16_UL26_55204,,,,,,,29_39,,,,,,,,,,,,,,,,,,,,,,,,,,,,,,,,,,,,,,,12_18,,,,,,,,,,,,,,,,,,,,,,,,,,,,,,20_26,
Simplexvirus_Cercopithecine herpesvirus 16_UL26_55205,,,,,,,1_11,,,,,,,,,,,,,,,,,,,,,,,,,,,,,,,,,,,,,,,,,,,,,,,,,,,,,,,,,,,,,,,,,,,,,,
Simplexvirus_Cercopithecine herpesvirus 16_UL51_54843_NA,,,,,,,,,,,,,,,,,,,,,,,,,,,,,,,,,,,,,,,,,,,,,,,,,,,,,,,,,,,,,,,,,,,,,,,,,,,,,1_56
Simplexvirus_Herpes simplex virus type 2_Envelope_glycoprotein_B_(gB)_(gB-2)_(gB2)_38704,,,,,,,,,,,,,,29_35,,,,,35_41,,,,,21_27,,,,,,,,2_19,,,,,,,,,,,,,,,,,,,,,,,,,,,,,,,,,,,43_56,,,,,,,,,,
Simplexvirus_Herpes simplex virus type 2_Envelope_glycoprotein_B_(gB)_(gB-2)_(gB2)_38705,,,,,,,,,,,,,,1_7,41_55,,,,7_13,,,,,,,,,,,,,,,,,,,,,,,,,,,,,,,,,,,,,,,,,,,,,,,,15_28,,,,,,,,29_37,,
Simplexvirus_Herpes simplex virus type 2_Envelope_glycoprotein_B_(gB)_(gB-2)_(gB2)_38706,,,,,,,,,,,,,,,,,,,,,,,,,,,,,,,,,,,,,,,,,,,,,,,,,,,,,,,,,,,,,,,,,,,,,,,,,,,1_9,,
Simplexvirus_Human herpesvirus 1_Capsid_scaffolding_protein_(Capsid_protein_P40)_(Protease_precursor)_(pPR)_(Virion_structural_protein_UL26)_[Cleaved_into:_Assemblin_(EC_3.4.21.97)_(Capsid_protein_VP24)_(Protease)__Assembly_protein_(Capsid_protein_VP22A)]_30385,,,,,,,,,,,,,,,,,,,,,,,,,,,,,,,,,,46_54,,,,,,,,,,,,,13_21,,,,,,,,,,,,,,,,,,,,,,,,,,,,,,
Simplexvirus_Human herpesvirus 1_Capsid_scaffolding_protein_(Capsid_protein_P40)_(Protease_precursor)_(pPR)_(Virion_structural_protein_UL26)_[Cleaved_into:_Assemblin_(EC_3.4.21.97)_(Capsid_protein_VP24)_(Protease)__Assembly_protein_(Capsid_protein_VP22A)]_30385_NA,,,,,,,,,,,,,,,,,,,,,,,,,,,,,,,,,,,,,,,,,,,,,,,,,,,,,,,,,,,,,,,,,,,,,,,,,,,,,1_56
Simplexvirus_Human herpesvirus 1_Capsid_scaffolding_protein_(Capsid_protein_P40)_(Protease_precursor)_(pPR)_(Virion_structural_protein_UL26)_[Cleaved_into:_Assemblin_(EC_3.4.21.97)_(Capsid_protein_VP24)_(Protease)__Assembly_protein_(Capsid_protein_VP22A)]_30386,,,,40_47,,,,,,43_49,,,,,,,,,,,,,,,,,,,,,,,,18_26,38_47,49_55,,,,,,,,,,,,,,,,,,,,,,,,,,,,,,,,,,,,,,,,,
Simplexvirus_Human herpesvirus 1_Capsid_scaffolding_protein_(Capsid_protein_P40)_(Protease_precursor)_(pPR)_(Virion_structural_protein_UL26)_[Cleaved_into:_Assemblin_(EC_3.4.21.97)_(Capsid_protein_VP24)_(Protease)__Assembly_protein_(Capsid_protein_VP22A)]_30386_NA,,,,,,,,,,,,,,,,,,,,,,,,,,,,,,,,,,,,,,,,,,,,,,,,,,,,,,,,,,,,,,,,,,,,,,,,,,,,,1_56
Simplexvirus_Human herpesvirus 1_Capsid_scaffolding_protein_(Capsid_protein_P40)_(Protease_precursor)_(pPR)_(Virion_structural_protein_UL26)_[Cleaved_into:_Assemblin_(EC_3.4.21.97)_(Capsid_protein_VP24)_(Protease)__Assembly_protein_(Capsid_protein_VP22A)]_30387,,,,,39_46,48_56,,,,15_21,,,,,,,,,,,,,,,,,,,,,,,,,10_19,21_27,,,,,,,,,,,,,,,,,,,,,,,,,,,,,,,,,,,,,,,,,
Simplexvirus_Human herpesvirus 1_Capsid_scaffolding_protein_(Capsid_protein_P40)_(Protease_precursor)_(pPR)_(Virion_structural_protein_UL26)_[Cleaved_into:_Assemblin_(EC_3.4.21.97)_(Capsid_protein_VP24)_(Protease)__Assembly_protein_(Capsid_protein_VP22A)]_30387_NA,,,,,,,,,,,,,,,,,,,,,,,,,,,,,,,,,,,,,,,,,,,,,,,,,,,,,,,,,,,,,,,,,,,,,,,,,,,,,1_56
Simplexvirus_Human herpesvirus 1_Capsid_scaffolding_protein_(Capsid_protein_P40)_(Protease_precursor)_(pPR)_(Virion_structural_protein_UL26)_[Cleaved_into:_Assemblin_(EC_3.4.21.97)_(Capsid_protein_VP24)_(Protease)__Assembly_protein_(Capsid_protein_VP22A)]_30388,,,,,11_18,20_28,,,,,,,,,,,,,,,,,29_37,,,,,,,,,,,,,,,,,,,,,,,,,,,,,,,,,,,,,,,,,,,,,,,,,,,,,,
Simplexvirus_Human herpesvirus 1_Capsid_scaffolding_protein_(Capsid_protein_P40)_(Protease_precursor)_(pPR)_(Virion_structural_protein_UL26)_[Cleaved_into:_Assemblin_(EC_3.4.21.97)_(Capsid_protein_VP24)_(Protease)__Assembly_protein_(Capsid_protein_VP22A)]_30388_NA,,,,,,,,,,,,,,,,,,,,,,,,,,,,,,,,,,,,,,,,,,,,,,,,,,,,,,,,,,,,,,,,,,,,,,,,,,,,,1_56
Simplexvirus_Human herpesvirus 1_Capsid_scaffolding_protein_(Capsid_protein_P40)_(Protease_precursor)_(pPR)_(Virion_structural_protein_UL26)_[Cleaved_into:_Assemblin_(EC_3.4.21.97)_(Capsid_protein_VP24)_(Protease)__Assembly_protein_(Capsid_protein_VP22A)]_30389,,46_53,,,,,,,,,,,,,,10_18,,,,,,,1_9,,,,,,,,,,,,,,,,,,,,,,34_40,,,,,,,,,,,,,,,,,,,,,,,,,,,,,,,,
Simplexvirus_Human herpesvirus 1_Capsid_scaffolding_protein_(Capsid_protein_P40)_(Protease_precursor)_(pPR)_(Virion_structural_protein_UL26)_[Cleaved_into:_Assemblin_(EC_3.4.21.97)_(Capsid_protein_VP24)_(Protease)__Assembly_protein_(Capsid_protein_VP22A)]_30389_NA,,,,,,,,,,,,,,,,,,,,,,,,,,,,,,,,,,,,,,,,,,,,,,,,,,,,,,,,,,,,,,,,,,,,,,,,,,,,,1_56
Simplexvirus_Human herpesvirus 1_Capsid_scaffolding_protein_(Capsid_protein_P40)_(Protease_precursor)_(pPR)_(Virion_structural_protein_UL26)_[Cleaved_into:_Assemblin_(EC_3.4.21.97)_(Capsid_protein_VP24)_(Protease)__Assembly_protein_(Capsid_protein_VP22A)]_30390,,18_25,,,,,,,,,,,,,,,,,,,,,,,,,,,,,,,,,,,,,,,,,,,6_12,,,,,,,,,,,32_40,,,,,,,,,,,,,,,,,,,,,
Simplexvirus_Human herpesvirus 1_Capsid_scaffolding_protein_(Capsid_protein_P40)_(Protease_precursor)_(pPR)_(Virion_structural_protein_UL26)_[Cleaved_into:_Assemblin_(EC_3.4.21.97)_(Capsid_protein_VP24)_(Protease)__Assembly_protein_(Capsid_protein_VP22A)]_30390_NA,,,,,,,,,,,,,,,,,,,,,,,,,,,,,,,,,,,,,,,,,,,,,,,,,,,,,,,,,,,,,,,,,,,,,,,,,,,,,1_56
Simplexvirus_Human herpesvirus 1_Capsid_scaffolding_protein_(Capsid_protein_P40)_(Protease_precursor)_(pPR)_(Virion_structural_protein_UL26)_[Cleaved_into:_Assemblin_(EC_3.4.21.97)_(Capsid_protein_VP24)_(Protease)__Assembly_protein_(Capsid_protein_VP22A)]_30391,,,29_46,,,,,17_23,,,,,,,,,,15_21,,,,,,,,,,,,,,,,,,,,,,,,,,,,,,,,,,,,,,4_12,,,,,,,,,,,,,,,,,,,,,
Simplexvirus_Human herpesvirus 1_Capsid_scaffolding_protein_(Capsid_protein_P40)_(Protease_precursor)_(pPR)_(Virion_structural_protein_UL26)_[Cleaved_into:_Assemblin_(EC_3.4.21.97)_(Capsid_protein_VP24)_(Protease)__Assembly_protein_(Capsid_protein_VP22A)]_30391_NA,,,,,,,,,,,,,,,,,,,,,,,,,,,,,,,,,,,,,,,,,,,,,,,,,,,,,,,,,,,,,,,,,,,,,,,,,,,,,1_56
Simplexvirus_Human herpesvirus 1_Capsid_scaffolding_protein_(Capsid_protein_P40)_(Protease_precursor)_(pPR)_(Virion_structural_protein_UL26)_[Cleaved_into:_Assemblin_(EC_3.4.21.97)_(Capsid_protein_VP24)_(Protease)__Assembly_protein_(Capsid_protein_VP22A)]_30392,,,1_18,,,,,,,,,,,,,,,,,29_35,,,,,,,,,,,,,,,,,,,,,,,,,,,,,,,,,,,,,,,,,,,,,,,,,,,,,,,,,
Simplexvirus_Human herpesvirus 1_Capsid_scaffolding_protein_(Capsid_protein_P40)_(Protease_precursor)_(pPR)_(Virion_structural_protein_UL26)_[Cleaved_into:_Assemblin_(EC_3.4.21.97)_(Capsid_protein_VP24)_(Protease)__Assembly_protein_(Capsid_protein_VP22A)]_30392_NA,,,,,,,,,,,,,,,,,,,,,,,,,,,,,,,,,,,,,,,,,,,,,,,,,,,,,,,,,,,,,,,,,,,,,,,,,,,,,1_56
Simplexvirus_Human herpesvirus 1_Capsid_scaffolding_protein_(Capsid_protein_P40)_(Protease_precursor)_(pPR)_(Virion_structural_protein_UL26)_[Cleaved_into:_Assemblin_(EC_3.4.21.97)_(Capsid_protein_VP24)_(Protease)__Assembly_protein_(Capsid_protein_VP22A)]_30393,,,,,,,,,,,,,,,,,,,,1_7,,,,,,,,,,,,,,,,,,,,,,,,,,,,,,,,,,,,,,,,29_49,,,,,,,,,,,,,,,,,
Simplexvirus_Human herpesvirus 1_Capsid_scaffolding_protein_(Capsid_protein_P40)_(Protease_precursor)_(pPR)_(Virion_structural_protein_UL26)_[Cleaved_into:_Assemblin_(EC_3.4.21.97)_(Capsid_protein_VP24)_(Protease)__Assembly_protein_(Capsid_protein_VP22A)]_30393_NA,,,,,,,,,,,,,,,,,,,,,,,,,,,,,,,,,,,,,,,,,,,,,,,,,,,,,,,,,,,,,,,,,,,,,,,,,,,,,1_56
Simplexvirus_Human herpesvirus 1_Capsid_scaffolding_protein_(Capsid_protein_P40)_(Protease_precursor)_(pPR)_(Virion_structural_protein_UL26)_[Cleaved_into:_Assemblin_(EC_3.4.21.97)_(Capsid_protein_VP24)_(Protease)__Assembly_protein_(Capsid_protein_VP22A)]_30394,,,,,,,,,,,,,,,,,,,,,,,,,,,,,,,,,,,,,,,,,,,,,,,,,,,,,,,,,,,,1_21,38_56,,,,,,,,,,,,,,,,
Simplexvirus_Human herpesvirus 1_Capsid_scaffolding_protein_(Capsid_protein_P40)_(Protease_precursor)_(pPR)_(Virion_structural_protein_UL26)_[Cleaved_into:_Assemblin_(EC_3.4.21.97)_(Capsid_protein_VP24)_(Protease)__Assembly_protein_(Capsid_protein_VP22A)]_30394_NA,,,,,,,,,,,,,,,,,,,,,,,,,,,,,,,,,,,,,,,,,,,,,,,,,,,,,,,,,,,,,,,,,,,,,,,,,,,,,1_56
Simplexvirus_Human herpesvirus 1_Capsid_scaffolding_protein_(Capsid_protein_P40)_(Protease_precursor)_(pPR)_(Virion_structural_protein_UL26)_[Cleaved_into:_Assemblin_(EC_3.4.21.97)_(Capsid_protein_VP24)_(Protease)__Assembly_protein_(Capsid_protein_VP22A)]_30395,,,,,,,46_56,,,,,,,,,,,,,,,,,,,,,,,,,,,,,,,,,,,,,,,,,,,,,,,,,,,,,,10_28,,,,,,,,,,,,,,,33_39_38_44,
Simplexvirus_Human herpesvirus 1_Capsid_scaffolding_protein_(Capsid_protein_P40)_(Protease_precursor)_(pPR)_(Virion_structural_protein_UL26)_[Cleaved_into:_Assemblin_(EC_3.4.21.97)_(Capsid_protein_VP24)_(Protease)__Assembly_protein_(Capsid_protein_VP22A)]_30395_NA,,,,,,,,,,,,,,,,,,,,,,,,,,,,,,,,,,,,,,,,,,,,,,,,,,,,,,,,,,,,,,,,,,,,,,,,,,,,,1_56
Simplexvirus_Human herpesvirus 1_Capsid_scaffolding_protein_(Capsid_protein_P40)_(Protease_precursor)_(pPR)_(Virion_structural_protein_UL26)_[Cleaved_into:_Assemblin_(EC_3.4.21.97)_(Capsid_protein_VP24)_(Protease)__Assembly_protein_(Capsid_protein_VP22A)]_30396,,,,,,,18_28,,,,,,,,,,,,,,,,,,,,,,,,,,,,,,,,,,,,,,,,,,,,,,,,,,,,,,,,,,,,,,,,,,,,,5_11_10_16,
Simplexvirus_Human herpesvirus 1_Capsid_scaffolding_protein_(Capsid_protein_P40)_(Protease_precursor)_(pPR)_(Virion_structural_protein_UL26)_[Cleaved_into:_Assemblin_(EC_3.4.21.97)_(Capsid_protein_VP24)_(Protease)__Assembly_protein_(Capsid_protein_VP22A)]_30396_NA,,,,,,,,,,,,,,,,,,,,,,,,,,,,,,,,,,,,,,,,,,,,,,,,,,,,,,,,,,,,,,,,,,,,,,,,,,,,,1_47
Simplexvirus_Human herpesvirus 1_Defective_glycoprotein_C_60310,,,,,,,,,,,,,,,,,,,,,29_54,,,,,,,,,,,,,,,,,,,,,,,,,,,,,,,,,,,,,,,,,,,,,,,,,,,,,,,,
Simplexvirus_Human herpesvirus 1_Defective_glycoprotein_C_60311,,,,,,,,,,,,,,,,,,,,,1_26,,,,,,,,,,,,,,,,,,,,,,,,,,,,,,,,,,,,,,,,,,,,,,,,,,,,,,,,
Simplexvirus_Human herpesvirus 1_Deoxyuridine_5'-triphosphate_nucleotidohydrolase_(dUTPase)_(EC_3.6.1.23)_(dUTP_pyrophosphatase)_30804,,,,,,,,,,,,,,,,,,,,,,,,,,,,,,,,,,,,,,,,,,,,,,,,1_14,17_30,,,,,,,,,,,,,,,,,,,,,,,,,,,,
Simplexvirus_Human herpesvirus 1_Deoxyuridine_5'-triphosphate_nucleotidohydrolase_(dUTPase)_(EC_3.6.1.23)_(dUTP_pyrophosphatase)_30804_NA,,,,,,,,,,,,,,,,,,,,,,,,,,,,,,,,,,,,,,,,,,,,,,,,,,,,,,,,,,,,,,,,,,,,,,,,,,,,,1_56
Simplexvirus_Human herpesvirus 1_DNA_polymerase_processivity_factor_(DNA-binding_protein_UL42)_(Polymerase_accessory_protein)_(PAP)_30697_NA,,,,,,,,,,,,,,,,,,,,,,,,,,,,,,,,,,,,,,,,,,,,,,,,,,,,,,,,,,,,,,,,,,,,,,,,,,,,,1_56
Simplexvirus_Human herpesvirus 1_DNA_polymerase_processivity_factor_(DNA-binding_protein_UL42)_(Polymerase_accessory_protein)_(PAP)_30699_NA,,,,,,,,,,,,,,,,,,,,,,,,,,,,,,,,,,,,,,,,,,,,,,,,,,,,,,,,,,,,,,,,,,,,,,,,,,,,,1_56
Simplexvirus_Human herpesvirus 1_E3_ubiquitin-protein_ligase_ICP0_(EC_6.3.2.-)_(Alpha-0_protein)_(Immediate-early_protein_IE110)_(Trans-acting_transcriptional_protein_ICP0)_(VMW110)_25383,,,,,,,,,,,,,,,,,,,,,,,,,,,,,,25_39,,,,,,,1_22,,,,,,,,,,,,,,,,,,,,,,,,,,,,,,,,,,,,,,,,
Simplexvirus_Human herpesvirus 1_E3_ubiquitin-protein_ligase_ICP0_(EC_6.3.2.-)_(Alpha-0_protein)_(Immediate-early_protein_IE110)_(Trans-acting_transcriptional_protein_ICP0)_(VMW110)_25383_NA,,,,,,,,,,,,,,,,,,,,,,,,,,,,,,,,,,,,,,,,,,,,,,,,,,,,,,,,,,,,,,,,,,,,,,,,,,,,,1_56
Simplexvirus_Human herpesvirus 1_E3_ubiquitin-protein_ligase_ICP0_(EC_6.3.2.-)_(Alpha-0_protein)_(Immediate-early_protein_IE110)_(Trans-acting_transcriptional_protein_ICP0)_(VMW110)_25390,,,,,,,,,,,,,,,,,,,,,,29_49,,,,,,,,,,,,,,,,,,,,,,,,,,,,,,,,,,,,,,,,,,,,,,,,,,,,,,,
Simplexvirus_Human herpesvirus 1_E3_ubiquitin-protein_ligase_ICP0_(EC_6.3.2.-)_(Alpha-0_protein)_(Immediate-early_protein_IE110)_(Trans-acting_transcriptional_protein_ICP0)_(VMW110)_25390_NA,,,,,,,,,,,,,,,,,,,,,,,,,,,,,,,,,,,,,,,,,,,,,,,,,,,,,,,,,,,,,,,,,,,,,,,,,,,,,1_56
Simplexvirus_Human herpesvirus 1_E3_ubiquitin-protein_ligase_ICP0_(EC_6.3.2.-)_(Alpha-0_protein)_(Immediate-early_protein_IE110)_(Trans-acting_transcriptional_protein_ICP0)_(VMW110)_25391,,,,,,,,,,,,,,,,,,,,,,1_21,,,,,,,,,,,,,,,,,,,,,,,,,,,,,,,,,,,,,,,,,,,,,,,,,,,,,,,
Simplexvirus_Human herpesvirus 1_E3_ubiquitin-protein_ligase_ICP0_(EC_6.3.2.-)_(Alpha-0_protein)_(Immediate-early_protein_IE110)_(Trans-acting_transcriptional_protein_ICP0)_(VMW110)_25391_NA,,,,,,,,,,,,,,,,,,,,,,,,,,,,,,,,,,,,,,,,,,,,,,,,,,,,,,,,,,,,,,,,,,,,,,,,,,,,,1_56
Simplexvirus_Human herpesvirus 1_E3_ubiquitin-protein_ligase_ICP0_(EC_6.3.2.-)_(Alpha-0_protein)_(Immediate-early_protein_IE110)_(Trans-acting_transcriptional_protein_ICP0)_(VMW110)_25398_NA,,,,,,,,,,,,,,,,,,,,,,,,,,,,,,,,,,,,,,,,,,,,,,,,,,,,,,,,,,,,,,,,,,,,,,,,,,,,,1_56
Simplexvirus_Human herpesvirus 1_E3_ubiquitin-protein_ligase_ICP0_(EC_6.3.2.-)_(Alpha-0_protein)_(Immediate-early_protein_IE110)_(Trans-acting_transcriptional_protein_ICP0)_(VMW110)_25400,,,,,,,,,,,,,,,,,,,,,,,,,,,,,,,,,,,,,,,,,,,,,,,,,,,,,,,,,,,,,,29_56,,,,,,,,,,,,,,,
Simplexvirus_Human herpesvirus 1_E3_ubiquitin-protein_ligase_ICP0_(EC_6.3.2.-)_(Alpha-0_protein)_(Immediate-early_protein_IE110)_(Trans-acting_transcriptional_protein_ICP0)_(VMW110)_25400_NA,,,,,,,,,,,,,,,,,,,,,,,,,,,,,,,,,,,,,,,,,,,,,,,,,,,,,,,,,,,,,,,,,,,,,,,,,,,,,1_56
Simplexvirus_Human herpesvirus 1_E3_ubiquitin-protein_ligase_ICP0_(EC_6.3.2.-)_(Alpha-0_protein)_(Immediate-early_protein_IE110)_(Trans-acting_transcriptional_protein_ICP0)_(VMW110)_25401,,,,,,,,,,,,,,,,,,,,,,,,,,,,,,,,,,,,,,,,,,,,,,,,,,,,,,,,,,,,,,1_28,,,,,,,,,,,,,,,
Simplexvirus_Human herpesvirus 1_E3_ubiquitin-protein_ligase_ICP0_(EC_6.3.2.-)_(Alpha-0_protein)_(Immediate-early_protein_IE110)_(Trans-acting_transcriptional_protein_ICP0)_(VMW110)_25401_NA,,,,,,,,,,,,,,,,,,,,,,,,,,,,,,,,,,,,,,,,,,,,,,,,,,,,,,,,,,,,,,,,,,,,,,,,,,,,,1_56
Simplexvirus_Human herpesvirus 1_Envelope_glycoprotein_B_(gB)_(gB-1)_(gB1)_30417_NA,,,,,,,,,,,,,,,,,,,,,,,,,,,,,,,,,,,,,,,,,,,,,,,,,,,,,,,,,,,,,,,,,,,,,,,,,,,,,1_56
Simplexvirus_Human herpesvirus 1_Envelope_glycoprotein_B_(gB)_(gB-1)_(gB1)_30425,,,,,,,,,,,,,,,,,,,50_56,,,,,36_42,,,,,,,,17_34,,,,,,,,,,,,,,,,,,,,,,,,,,,,,,,,,,,,,,,,,,,,,
Simplexvirus_Human herpesvirus 1_Envelope_glycoprotein_B_(gB)_(gB-1)_(gB1)_30426,,,,,,,,,,,,,,,,,,,22_28,,,,,8_14,,,,,,,,,,,,,,,,,,,,,,,,,,8_15,,,,,,,,,,,,,,,,,30_43,,,,,,,,44_52,,
Simplexvirus_Human herpesvirus 1_Envelope_glycoprotein_B_(gB)_(gB-1)_(gB1)_30427,,,,,,,,,,,,,,,28_42,,,,,,,,,,,,,,,,,,,,,,,,,,,,,,,,,,,,,,,,,,,,,,,,,,,,2_15,,,,,,,,16_24,,
Simplexvirus_Human herpesvirus 1_Envelope_glycoprotein_C_30717,,,,,,,,,,,,,,,,,,,,,29_54,,,,,,,,,,,,,,,,,,,,,,,,,,,,,,,,,,,,,,,,,,,,,,,,,,,,,,,,
Simplexvirus_Human herpesvirus 1_Envelope_glycoprotein_C_30718,,,,,,,,,,,,,,,,,,,,,1_26,,,,,,,,,,,,,,,,,,,,,,,,,,,,,,,,,,,,,,,,,,,,,,,,,,,,,,,,
Simplexvirus_Human herpesvirus 1_Envelope_glycoprotein_D_(gD)_60045,,,,,,,,,,,,,,,,,,,,,,,,,30_55,,,,,,,,,,,,,,,,,,,,,,,,,,,,,,,,,,,,,,,,,,,,,,,,,,,,
Simplexvirus_Human herpesvirus 1_Envelope_glycoprotein_D_(gD)_60046,,,,,,,,,,,,,,,,,,,,,,,,,2_27,,,,,,,,,,,,,,,,,,,,,,,,,,,,,,,,,,,,,,,,,,,,,,,,,,,,
Simplexvirus_Human herpesvirus 1_Envelope_glycoprotein_D_(gD)_80374,,,,,,,,,,,,,,,,,,,,,,,,,,,,,,,,,,,,,,,,,,,,,,,,,,,,2_30,,,,,,,,,,,,,,,,,,,,,,,,,
Simplexvirus_Human herpesvirus 1_Envelope_glycoprotein_D_(gD)_80384,,,,,,,,,,,,,,,,,,,,,,,,,1_26,,,,,,,,,,,,,,,,,,,,,,,,,,49_56,,,,,,,,,,,,,,,,,,,,,,,,,,
Simplexvirus_Human herpesvirus 1_Envelope_glycoprotein_G_(gG)_(gG-1)_24524,,,,,,,,,,,,,,,,,,,,,,,,,,29_41,,,,,,,,,,,,,,,,,,,,,,,,,,,,,,,,,,,,,,,,,,,,,,,,,,,
Simplexvirus_Human herpesvirus 1_Envelope_glycoprotein_G_(gG)_(gG-1)_24525,,,,,,,,,,,,,,,,,,,,,,,,,,1_13,,,,,,,,,,,,,,,,,,,,,,,,,,,,,,,,,,,,,,,,,,,,,,,,,,,
Simplexvirus_Human herpesvirus 1_Envelope_glycoprotein_H_(gH)_24481_NA,,,,,,,,,,,,,,,,,,,,,,,,,,,,,,,,,,,,,,,,,,,,,,,,,,,,,,,,,,,,,,,,,,,,,,,,,,,,,1_56
Simplexvirus_Human herpesvirus 1_Envelope_glycoprotein_L_(gL)_30122,,,,,,,,,,,,,,,,,,,,,,,,,,,,,,,,,,,,,,,,,,,,,,,,,,,,,,,,,,,,,,,29_56,,,,,,,,,,,,,,
Simplexvirus_Human herpesvirus 1_Envelope_glycoprotein_L_(gL)_30123,,,,,,,,,,,,,,,,,,,,,,,,,,,,,,,,,,,,,,,,,,,,,,,,,,,,,,,,,,,,,,,1_28,29_45,,,,,,,,,,,,,
Simplexvirus_Human herpesvirus 1_Envelope_glycoprotein_L_(gL)_80496,,,,,,,,,,,,,,,,,,,,,,,,,,,,,,,,,,,,,,,,,,,,,,,,,,,,,,,,,,,,,,,,1_17,,,,,,,,,,,,,
Simplexvirus_Human herpesvirus 1_Envelope_glycoprotein_M_(gM)_22740,,,,,,,,,,,,,,,,,,,,,,,,,,,,,,,,,,,,,,35_56,,,,,,,,,,,,,,,,,,,,,,,,,,,,,,,,,,,,,,,
Simplexvirus_Human herpesvirus 1_Envelope_glycoprotein_M_(gM)_22741,,,,,,,,,,,,,,,,,,,,,,,,,,,,,,,,,,,,,,7_28,,,,,,,,,,,,,,,,,,,,,,,,,,,,,,,,,,,,,,,
Simplexvirus_Human herpesvirus 1_Glycoprotein_E_(Fragment)_11956,,,,,,,,,,,1_13,,,,,,,,,,,,,,,,,,,,,,,,,,,,14_40,,,,,,,,,,,,,,,,,,,,,,,,,,,,,,,,,,,,,,
Simplexvirus_Human herpesvirus 1_Glycoprotein_G_(Fragment)_70401,,,,,,,,,,,,,,,,,,,,,,,,,,44_56,,,,,,,,,,,,,,,,,,,,,,,,,,,,,,,,,,,,,,,,,,,,,,,,,,,
Simplexvirus_Human herpesvirus 1_Glycoprotein_G_(Fragment)_70402,,,,,,,,,,,,,,,,,,,,,,,,,,16_28,,,,,,,,,,,,,,,,,,,,,,,,,,,,,,,,,,,,,,,,,,,,,,,,,,,
Simplexvirus_Human herpesvirus 1_Glycoprotein_I_(Fragment)_64324_NA,,,,,,,,,,,,,,,,,,,,,,,,,,,,,,,,,,,,,,,,,,,,,,,,,,,,,,,,,,,,,,,,,,,,,,,,,,,,,1_56
Simplexvirus_Human herpesvirus 1_ICP0_(Fragment)_71884,,,,,,,,,,,,,,,,,,,,,,,,,,,,,,25_39,,,,,,,1_22,,,,,,,,,,,,,,,,,,,,,,,,,,,,,,,,,,,,,,,,
Simplexvirus_Human herpesvirus 1_ICP0D_48215,,,,,,,,,,,,,,,,,,,,,,,,,,,,,,23_37,,,,,,,1_22,,,,,,,,,,,,,,,,,,,,,,,,,,,,,,,,,,,,,,,,
Simplexvirus_Human herpesvirus 1_Major_DNA-binding_protein_(Infected_cell_protein_8)_(ICP-8_protein)_79664_NA,,,,,,,,,,,,,,,,,,,,,,,,,,,,,,,,,,,,,,,,,,,,,,,,,,,,,,,,,,,,,,,,,,,,,,,,,,,,,1_48
Simplexvirus_Human herpesvirus 1_Major_viral_transcription_factor_(Alpha-4_protein)_(Infected_cell_protein_4)_(Transcriptional_activator_IE175)_25337,,,,,,,,,,,,,,,,,,,,,,,,,,,,,,,,,,,,,,,,,,,,,,,,,,,,,,,,,,,,,,,,,29_48,,,,,,,,,,,,
Simplexvirus_Human herpesvirus 1_Major_viral_transcription_factor_(Alpha-4_protein)_(Infected_cell_protein_4)_(Transcriptional_activator_IE175)_25338,,,,,,,,,,,,,,,,,,,,,,,,,,,,,,,,,,,,,,,,,,,,,,,,,,,,,,,,,,,,,,,,,1_20,,,,,,,,,,,,
Simplexvirus_Human herpesvirus 1_Major_viral_transcription_factor_(Alpha-4_protein)_(Infected_cell_protein_4)_(Transcriptional_activator_IE175)_25340,,,,,,,,,,,,,,,,,,,,,,,,,,,,,,,,,,,,,,,,,,,,,,,,,,,,,,,,,1_19,,,,,,,,,,,,,,,,,,,,
Simplexvirus_Human herpesvirus 1_Major_viral_transcription_factor_(Alpha-4_protein)_(Infected_cell_protein_4)_(Transcriptional_activator_IE175)_25341_NA,,,,,,,,,,,,,,,,,,,,,,,,,,,,,,,,,,,,,,,,,,,,,,,,,,,,,,,,,,,,,,,,,,,,,,,,,,,,,1_56
Simplexvirus_Human herpesvirus 1_RNA-binding_protein_(Vmw21)_22890,,,,,,,,,,,,,,,,,,,,,,,,,,,,,,,,,,,,,,,,,,,,,,,,,,,,,,,,,,,,,,,,,,1_56,,,,,,,,,,,
Simplexvirus_Human herpesvirus 1_Tegument_protein_UL51_30817_NA,,,,,,,,,,,,,,,,,,,,,,,,,,,,,,,,,,,,,,,,,,,,,,,,,,,,,,,,,,,,,,,,,,,,,,,,,,,,,1_56
Simplexvirus_Human herpesvirus 1_Tegument_protein_US11_15238,,,,,,,,,,,,,,,,,,,,,,,,,,,,,,,,,,,,,,,,,,,,,,,,,,,,,,,,,,,,,,,,,,1_56,,,,,,,,,,,
Simplexvirus_Human herpesvirus 1_Tegument_protein_VP16_(Alpha_trans-inducing_protein)_(Alpha-TIF)_(ICP25)_(Vmw65)_24638_NA,,,,,,,,,,,,,,,,,,,,,,,,,,,,,,,,,,,,,,,,,,,,,,,,,,,,,,,,,,,,,,,,,,,,,,,,,,,,,1_56
Simplexvirus_Human herpesvirus 1_Tegument_protein_VP16_(Alpha_trans-inducing_protein)_(Alpha-TIF)_(ICP25)_(Vmw65)_24648,,,,,,,,,,,,,,,,,,,,,,,,,,,,,,,,,,,,,,,,,,,,,,,,,,,,,,,,,,,,,,,,,,,,29_44,,,,,,,,,
Simplexvirus_Human herpesvirus 1_Tegument_protein_VP16_(Alpha_trans-inducing_protein)_(Alpha-TIF)_(ICP25)_(Vmw65)_24649,,,,,,,,,,,,,,,,,,,,,,,,,,,,,,,,,,,,,,,,,,,,,,,,,,,,,,,,,,,,,,,,,,,,1_16,,,,,,,,,
Simplexvirus_Human herpesvirus 1_Tegument_protein_VP22_30789,,,,,,,,,,,,,,,,,,,,,,,,,,,,,,,,,,,,,,,,,,,,,,,,,,,,,,,,,,,,,,,,,,,,,29_56,,,,,,,,
Simplexvirus_Human herpesvirus 1_Tegument_protein_VP22_30790,,,,,,,,,,,,,,,,,,,,,,,,,,,,,,,,,,,,,,,,,,,,,,,,,,,,,,,,,,,,,,,,,,,,,1_28,29_56,,,,,,,
Simplexvirus_Human herpesvirus 1_Tegument_protein_VP22_30791,,,,,,,,,,,,,,,,,,,,,,,,,,,,,,,,,,,,,,,,,,,,,,,,,,,,,,,,,,,,,,,,,,,,,,1_28,,,,,,,
Simplexvirus_Human herpesvirus 1_Tegument_protein_VP22_30792,,,,,,,,,,,,,,,,,,,,,,,,,,,,,,,,,,,,,,,,,,,,,,,,,,,,,,,,,,,,,,,,,,,,,,,29_56,,,,,,
Simplexvirus_Human herpesvirus 1_Tegument_protein_VP22_30793,,,,,,,,,,,,,,,,,,,,,,,,,,,,,,,,,,,,,,,,,,,,,,,,,,,,,,,,,,,,,,,,,,,,,,,1_28,,,,,,
Simplexvirus_Human herpesvirus 1_Tegument_protein_VP22_30798_NA,,,,,,,,,,,,,,,,,,,,,,,,,,,,,,,,,,,,,,,,,,,,,,,,,,,,,,,,,,,,,,,,,,,,,,,,,,,,,1_49
Simplexvirus_Human herpesvirus 1_Transcriptional_regulator_ICP22_(Immediate-early_protein_IE68)_(Infected_cell_protein_22)_(ICP22)_22887,,,,,,,,,,,,,,,,,,,,,,,,,,,,,,,,,,,,,,,,,,,,,,,,,,,,,,,,,,,,,,,,,,,,,,,,29_56,,,,,
Simplexvirus_Human herpesvirus 1_Transcriptional_regulator_ICP22_(Immediate-early_protein_IE68)_(Infected_cell_protein_22)_(ICP22)_22888,,,,,,,,,,,,,,,,,,,,,,,,,,,,,,,,,,,,,,,,,,,,,,,,,,,,,,,,,,,,,,,,,,,,,,,,1_28,,,,,
Simplexvirus_Human herpesvirus 1_Virion-packaging_protein_UL25_30357,,,,,,,,,,,,,,,,,,,,,,,,,,,,,,,,,,,,,,,,,,,,,,,,,,,,,,,,,,,,,,,,,,,,,,,,,29_40,,,,
Simplexvirus_Human herpesvirus 1_Virion-packaging_protein_UL25_30358,,,,,,,,,,,,,,,,,,,,,,,,,,,,,,,,,,,,,,,,,,,,,,,,,,,,,,,,,,,,,,,,,,,,,,,,,1_12,,,,
Simplexvirus_Human herpesvirus 2_Capsid_scaffolding_protein_(Capsid_protein_P40)_(Protease_precursor)_(pPR)_(Virion_structural_protein_UL26)_[Cleaved_into:_Assemblin_(EC_3.4.21.97)_(Capsid_protein_VP24)_(Protease)__Assembly_protein_(Capsid_protein_VP22A)]_48621,,,,,,,,,,,,,,,,,,,,,,,,,,,,,,,,,,48_56,,,,,,,,,,,,,9_17,,,,,,,,,,,,,,,,,,,,,,,,,,,,,,
Simplexvirus_Human herpesvirus 2_Capsid_scaffolding_protein_(Capsid_protein_P40)_(Protease_precursor)_(pPR)_(Virion_structural_protein_UL26)_[Cleaved_into:_Assemblin_(EC_3.4.21.97)_(Capsid_protein_VP24)_(Protease)__Assembly_protein_(Capsid_protein_VP22A)]_48621_NA,,,,,,,,,,,,,,,,,,,,,,,,,,,,,,,,,,,,,,,,,,,,,,,,,,,,,,,,,,,,,,,,,,,,,,,,,,,,,1_56
Simplexvirus_Human herpesvirus 2_Capsid_scaffolding_protein_(Capsid_protein_P40)_(Protease_precursor)_(pPR)_(Virion_structural_protein_UL26)_[Cleaved_into:_Assemblin_(EC_3.4.21.97)_(Capsid_protein_VP24)_(Protease)__Assembly_protein_(Capsid_protein_VP22A)]_48622,,,,42_49,,,,,,,,,,,,,,,,,,,,,,,,,,,,,,20_28,,50_56,,,,,,,,,,,,,,,,,,,,,,,,,,,,,,,,,,,,,,,,,
Simplexvirus_Human herpesvirus 2_Capsid_scaffolding_protein_(Capsid_protein_P40)_(Protease_precursor)_(pPR)_(Virion_structural_protein_UL26)_[Cleaved_into:_Assemblin_(EC_3.4.21.97)_(Capsid_protein_VP24)_(Protease)__Assembly_protein_(Capsid_protein_VP22A)]_48622_NA,,,,,,,,,,,,,,,,,,,,,,,,,,,,,,,,,,,,,,,,,,,,,,,,,,,,,,,,,,,,,,,,,,,,,,,,,,,,,1_56
Simplexvirus_Human herpesvirus 2_Capsid_scaffolding_protein_(Capsid_protein_P40)_(Protease_precursor)_(pPR)_(Virion_structural_protein_UL26)_[Cleaved_into:_Assemblin_(EC_3.4.21.97)_(Capsid_protein_VP24)_(Protease)__Assembly_protein_(Capsid_protein_VP22A)]_48624,,,,,12_19,21_29,,,,,,,50_56,,,,,,,,,,30_38,,,,,,,,,,,,,,,,,,,,,,,,,,,,,,,,,,,,,,,,,,,,,,,,,,,,,,
Simplexvirus_Human herpesvirus 2_Capsid_scaffolding_protein_(Capsid_protein_P40)_(Protease_precursor)_(pPR)_(Virion_structural_protein_UL26)_[Cleaved_into:_Assemblin_(EC_3.4.21.97)_(Capsid_protein_VP24)_(Protease)__Assembly_protein_(Capsid_protein_VP22A)]_48624_NA,,,,,,,,,,,,,,,,,,,,,,,,,,,,,,,,,,,,,,,,,,,,,,,,,,,,,,,,,,,,,,,,,,,,,,,,,,,,,1_56
Simplexvirus_Human herpesvirus 2_Capsid_scaffolding_protein_(Capsid_protein_P40)_(Protease_precursor)_(pPR)_(Virion_structural_protein_UL26)_[Cleaved_into:_Assemblin_(EC_3.4.21.97)_(Capsid_protein_VP24)_(Protease)__Assembly_protein_(Capsid_protein_VP22A)]_48625,,48_55,,,,,,,,,,,22_28,,,,,,,,,,2_10,,,,,,,,,,,,,,,,,,,,,,36_42,,,,,,,,,,,,,,,,,,,,,,,,,,,,,,,,
Simplexvirus_Human herpesvirus 2_Capsid_scaffolding_protein_(Capsid_protein_P40)_(Protease_precursor)_(pPR)_(Virion_structural_protein_UL26)_[Cleaved_into:_Assemblin_(EC_3.4.21.97)_(Capsid_protein_VP24)_(Protease)__Assembly_protein_(Capsid_protein_VP22A)]_48625_NA,,,,,,,,,,,,,,,,,,,,,,,,,,,,,,,,,,,,,,,,,,,,,,,,,,,,,,,,,,,,,,,,,,,,,,,,,,,,,1_56
Simplexvirus_Human herpesvirus 2_Capsid_scaffolding_protein_(Capsid_protein_P40)_(Protease_precursor)_(pPR)_(Virion_structural_protein_UL26)_[Cleaved_into:_Assemblin_(EC_3.4.21.97)_(Capsid_protein_VP24)_(Protease)__Assembly_protein_(Capsid_protein_VP22A)]_48626,,20_27,,,,,,47_53,,,,,,,,,,,,,,,,,,,,,,,,,,,,,,,,,,,,,8_14,,,,,,,,,,,34_42,,,,,,,,,,,,,,,,,,,,,
Simplexvirus_Human herpesvirus 2_Capsid_scaffolding_protein_(Capsid_protein_P40)_(Protease_precursor)_(pPR)_(Virion_structural_protein_UL26)_[Cleaved_into:_Assemblin_(EC_3.4.21.97)_(Capsid_protein_VP24)_(Protease)__Assembly_protein_(Capsid_protein_VP22A)]_48626_NA,,,,,,,,,,,,,,,,,,,,,,,,,,,,,,,,,,,,,,,,,,,,,,,,,,,,,,,,,,,,,,,,,,,,,,,,,,,,,1_56
Simplexvirus_Human herpesvirus 2_Capsid_scaffolding_protein_(Capsid_protein_P40)_(Protease_precursor)_(pPR)_(Virion_structural_protein_UL26)_[Cleaved_into:_Assemblin_(EC_3.4.21.97)_(Capsid_protein_VP24)_(Protease)__Assembly_protein_(Capsid_protein_VP22A)]_48627,,,31_48,,,,,19_25,,,,,,,,,,,,,,,,,,,,,,,,,,,,,,,,,,,,,,,,,,,,,,,,6_14,,,,,,,,,,,,,,,,,,,,,
Simplexvirus_Human herpesvirus 2_Capsid_scaffolding_protein_(Capsid_protein_P40)_(Protease_precursor)_(pPR)_(Virion_structural_protein_UL26)_[Cleaved_into:_Assemblin_(EC_3.4.21.97)_(Capsid_protein_VP24)_(Protease)__Assembly_protein_(Capsid_protein_VP22A)]_48627_NA,,,,,,,,,,,,,,,,,,,,,,,,,,,,,,,,,,,,,,,,,,,,,,,,,,,,,,,,,,,,,,,,,,,,,,,,,,,,,1_56
Simplexvirus_Human herpesvirus 2_Capsid_scaffolding_protein_(Capsid_protein_P40)_(Protease_precursor)_(pPR)_(Virion_structural_protein_UL26)_[Cleaved_into:_Assemblin_(EC_3.4.21.97)_(Capsid_protein_VP24)_(Protease)__Assembly_protein_(Capsid_protein_VP22A)]_48628,,,3_20,,,,,,,,,,,,,,,,,31_37,,,,,,,,,,,,,,,,,,,,,,,,,,,,,,,,,,,,,,,,,,,,,,,,,,,,,,,,,
Simplexvirus_Human herpesvirus 2_Capsid_scaffolding_protein_(Capsid_protein_P40)_(Protease_precursor)_(pPR)_(Virion_structural_protein_UL26)_[Cleaved_into:_Assemblin_(EC_3.4.21.97)_(Capsid_protein_VP24)_(Protease)__Assembly_protein_(Capsid_protein_VP22A)]_48628_NA,,,,,,,,,,,,,,,,,,,,,,,,,,,,,,,,,,,,,,,,,,,,,,,,,,,,,,,,,,,,,,,,,,,,,,,,,,,,,1_56
Simplexvirus_Human herpesvirus 2_Capsid_scaffolding_protein_(Capsid_protein_P40)_(Protease_precursor)_(pPR)_(Virion_structural_protein_UL26)_[Cleaved_into:_Assemblin_(EC_3.4.21.97)_(Capsid_protein_VP24)_(Protease)__Assembly_protein_(Capsid_protein_VP22A)]_48632,,,,,,,20_30,,,,,,,,,,,,,,,,,,,,,,,,,,,,,,,,,,,,,,,,,,,,,,,,,,,,,,,,,,,,,,,,,,,,,7_13,
Simplexvirus_Human herpesvirus 2_Capsid_scaffolding_protein_(Capsid_protein_P40)_(Protease_precursor)_(pPR)_(Virion_structural_protein_UL26)_[Cleaved_into:_Assemblin_(EC_3.4.21.97)_(Capsid_protein_VP24)_(Protease)__Assembly_protein_(Capsid_protein_VP22A)]_48632_NA,,,,,,,,,,,,,,,,,,,,,,,,,,,,,,,,,,,,,,,,,,,,,,,,,,,,,,,,,,,,,,,,,,,,,,,,,,,,,1_49
Simplexvirus_Human herpesvirus 2_Deoxyuridine_5'-triphosphate_nucleotidohydrolase_(dUTPase)_(EC_3.6.1.23)_(dUTP_pyrophosphatase)_48937,,,,,,,,,,,,,,,,,,,,,,,,,,,,,,,,,,,,,,,,,,,,,,,,29_42,43_56,,,,,,,,,,,,,,,,,,,,,,,,,,,,
Simplexvirus_Human herpesvirus 2_Deoxyuridine_5'-triphosphate_nucleotidohydrolase_(dUTPase)_(EC_3.6.1.23)_(dUTP_pyrophosphatase)_48937_NA,,,,,,,,,,,,,,,,,,,,,,,,,,,,,,,,,,,,,,,,,,,,,,,,,,,,,,,,,,,,,,,,,,,,,,,,,,,,,1_56
Simplexvirus_Human herpesvirus 2_E3_ubiquitin-protein_ligase_ICP0_(EC_6.3.2.-)_(VMW118_protein)_40994,,,,,,,,,,,,,,,,,,,,,,11_31,,,,,,,,,,,,,,,,,,,,,,,,,,,,,,,,,,,,,,,,,,,,,,,,,,,,,,,
Simplexvirus_Human herpesvirus 2_E3_ubiquitin-protein_ligase_ICP0_(EC_6.3.2.-)_(VMW118_protein)_40994_NA,,,,,,,,,,,,,,,,,,,,,,,,,,,,,,,,,,,,,,,,,,,,,,,,,,,,,,,,,,,,,,,,,,,,,,,,,,,,,1_56
Simplexvirus_Human herpesvirus 2_Envelope_glycoprotein_B_(gB)_(gB-2)_(gB2)_24793,,,,,,,,,,,,,,14_20,,,,,,,,,,6_12,,,,,,,,,,,,,,,,,,,,,,,,,,5_12,,,,,,,,,,,,,,,,,30_43,,,,,,,,44_52,,
Simplexvirus_Human herpesvirus 2_Envelope_glycoprotein_B_(gB)_(gB-2)_(gB2)_24794,,,,,,,,,,,,,,,28_42,,,,,,,,,,,,,,,,,,,,,,,,,,,,,,,,,,,,,,,,,,,,,,,,,,,,2_15,,,,,,,,16_24,,
Simplexvirus_Human herpesvirus 2_Envelope_glycoprotein_D_(gD)_20715,,,,,,,,,,,,,,,,,,,,,,,,,2_27,,,,,,,,,,,,,,,,,,,,,,,,,,49_56,,,,,,,,,,,,,,,,,,,,,,,,,,
Simplexvirus_Human herpesvirus 2_Envelope_glycoprotein_D_(gD)_20718,,,,,,,,,,,,,,,,,,,,,,,,,,,,,,,,,,,,,,,,,,,,,,,,,,,,1_29,,,,,,,,,,,,,,,,,,,,,,,,,
Simplexvirus_Human herpesvirus 2_Envelope_glycoprotein_E_(gE)_(gE-2)_49022,,,,,,,,,8_23,,44_56,,,,,,,,,,,,,,,,,,,,28_41,,,,,,,,,,,,,,,,,,,,,,,,,,,,,,,,,,,,,,,,,,,,,,
Simplexvirus_Human herpesvirus 2_Envelope_glycoprotein_E_(gE)_(gE-2)_49023,,,,,,,,,,,16_28,,,,,,,,,,,,,,,,,,,,,,,,,,,,29_55,,,,,,,,,,,,,,,,,,,,,,,,,,,,,,,,,,,,,,
Simplexvirus_Human herpesvirus 2_Envelope_glycoprotein_E_(gE)_(gE-2)_49024,,,,,,,,,,,,,,,,,,,,,,,,,,,,,,,,,,,,,,,1_27,,,,,,,,,,,,,,,,,,,,,,,,,,,,,,,,,,,,,,
Simplexvirus_Human herpesvirus 2_Envelope_glycoprotein_M_(gM)_48463,,,,,,,,,,,,,,,,,,,,,,,,,,,,,,,,,,,,,,1_22,,,,,,,,,,,,,,,,,,,,,,,,,,,,,,,,,,,,,,,
Simplexvirus_Human herpesvirus 2_Envelope_protein_US9_(10_kDa_protein)_49030,,,,,,,,,,,,,,,,,,,,,,,,,,,,,,,,,,,,,,,,,,,,,,,,,,,,,4_16,17_24,27_55,,,,,,,,,,,,,,,,,,,,,,
Simplexvirus_Human herpesvirus 2_Major_viral_transcription_factor_ICP4_homolog_(Alpha-4_protein)_(Infected_cell_protein_4)_(Transcriptional_activator_IE175)_49175,,,,,,,,,,,,,,,,,,,,,,,,,,,,,,,,,,,,,,,,,,,,,,,,,,,,,,,,,31_49,,,,,,,,,,,,,,,,,,,,
Simplexvirus_Human herpesvirus 2_Serine_threonine-protein_kinase_US3_(EC_2.7.11.1)_32263_NA,,,,,,,,,,,,,,,,,,,,,,,,,,,,,,,,,,,,,,,,,,,,,,,,,,,,,,,,,,,,,,,,,,,,,,,,,,,,,1_56
Simplexvirus_Human herpesvirus 2_Ubiquitin_E3_ligase_ICP0_11452,,,,,,,,,,,,,,,,,,,,,,11_31,,,,,,,,,,,,,,,,,,,,,,,,,,,,,,,,,,,,,,,,,,,,,,,,,,,,,,,
Varicellovirus_Varicella-zoster virus_Capsid_scaffolding_protein_(Capsid_protein_P40)_(Protease_precursor)_(pPR)_(Virion_structural_gene_33_protein)_[Cleaved_into:_Assemblin_(EC_3.4.21.97)_(Capsid_protein_VP24)_(Protease)__Assembly_protein_(Capsid_protein_VP22A)]_26473_NA,,,,,,,,,,,,,,,,,,,,,,,,,,,,,,,,,,,,,,,,,,,,,,,,,,,,,,,,,,,,,,,,,,,,,,,,,,,,,1_45
Varicellovirus_Varicella-zoster virus_Envelope_glycoprotein_B_(gB)_(Glycoprotein_II)_25936,,,,,,,,,,,,,,46_52,,,,,,,,,,,,,,,,,,1_18,,,,,,,,,,,,,,,,,,,,,,,,,,,,,,,,,,,,,,,,,,,,,
Varicellovirus_Varicella-zoster virus_Envelope_glycoprotein_B_(gB)_(Glycoprotein_II)_25937,,,,,,,,,,,,,,18_24,,,,,,,,,,,,,,,,,,,,,,,,,,,,,,,,,,,,,,,,,,,,,,,,,,,,,34_47,,,,,,,,48_56,,
Varicellovirus_Varicella-zoster virus_Envelope_glycoprotein_B_(gB)_(Glycoprotein_II)_25938,,,,,,,,,,,,,,,33_47,,,,,,,,,,,,,,,,,,,,,,,,,,,,,,,,,,,,,,,,,,,,,,,,,,,,6_19,,,,,,,,20_28,,
Varicellovirus_Varicella-zoster virus_Tegument_protein_UL47_homolog_26020,17_23_33_39_49_55,,,,,,,,,,,5_11_21_27,,,,,,,,,,,,,,,,,,,,,,,,,,,,,,,,,,,,,,,,,,,,,,,,,,,,,,,,,,,,,,,,,
Varicellovirus_Varicella-zoster virus_Tegument_protein_UL47_homolog_26021,5_11_47_53,,,,,,,,,,,9_15_25_31,,,,,,,,,,,,,,,48_54,,,,,,,,,,,,,,,,,,,,,,,,,,,,,,,,,,,,,,,,,,,,,,,,,,
Varicellovirus_Varicella-zoster virus_Tegument_protein_UL47_homolog_26022,19_25_46_52,,,,,,,,,,,23_29,,,,,,,,,,,,,,,36_42,,,,,,,,,,,,,,,,,,,,,,,,,,,,,,,,,,,,,,,,,,,,,,,38_49,,,
Varicellovirus_Varicella-zoster virus_Tegument_protein_UL47_homolog_56447,17_23_33_39,,,,,,,,,,,5_11_21_27_37_43,,,,,,,,,,,,,,,34_40,,,,,,,,,,,,,,,,,,,,,,,,,,,,,,,,,,,,,,,,,,,,,,,,,,
Varicellovirus_Varicella-zoster virus_Tegument_protein_UL47_homolog_56448,37_43_48_54,,,,,,,,,,,9_15,,,,,,,,,,,,,,,,,,,,,,,,,,,,,,,,,,,,,,,,,,,,,,,,,,,,,,,,,,,,,,,,,
Varicellovirus_Varicella-zoster virus_Tegument_protein_UL47_homolog_56449,9_15_20_26_31_37,,,,,,,,,,,2_8_13_19_24_30,,,,,,,,,,,,,,,21_27,,,,,,,,,,,,,,,,,,,,,,,,,,,,,,,,,,,,,,,,,,,,,,,23_34,,,
Varicellovirus_Varicella-zoster virus_Uracil-DNA_glycosylase_(UDG)_(EC_3.2.2.27)_(UNG)_26788_NA,,,,,,,,,,,,,,,,,,,,,,,,,,,,,,,,,,,,,,,,,,,,,,,,,,,,,,,,,,,,,,,,,,,,,,,,,,,,,1_56
Vesiculovirus_Vesicular stomatitis Indiana virus_Nucleoprotein_(NP)_(Nucleocapsid_protein)_(Protein_N)_22447_NA,,,,,,,,,,,,,,,,,,,,,,,,,,,,,,,,,,,,,,,,,,,,,,,,,,,,,,,,,,,,,,,,,,,,,,,,,,,,,1_56
