gene,tile,start,end,seq_ep,seq_tile,grpnum,grpname,grpsize,msaconsensus
BANK1,13A,1,90,RSQNWGHPGVRQETGDEPKGEKEKKEEEKEQEEEEDPYTFAEIDDSEYDMILANLSIKKKTGSRSFIINRPPAPTPRPTSIPPKEETTPY,RSQNWGHPGVRQETGDEPKGEKEKKEEEKEQEEEEDPYTFAEIDDSEYDMILANLSIKKKTGSRSFIINRPPAPTPRPTSIPPKEETTPY,NA,NA,NA,
CENPB,2B,69,80,DDFTASNGWLDR,LKNKRAILASERKYGVASTCRKTNKLSPYDKLEGLLIAWFQQIRAAGLPVKGIILKEKALRIAEELGMDDFTASNGWLDRFRRRHGVVSC,2,CENPB|2B.69.80__ZEB1|20B.28.39__ZEB1|20B.56.67__ZEB2|22B.32.43__ZEB1|21A.11.22,5,DD???S?S?L?R
MKI67,15A,1,90,ISRSQHDILQMICSKRRSGASEANLIVAKSWADVVKLGAKQTQTKVIKHGPQRSMNKRQRRPATPKKPVGEVHSQFSTGHANSPCTIIIG,ISRSQHDILQMICSKRRSGASEANLIVAKSWADVVKLGAKQTQTKVIKHGPQRSMNKRQRRPATPKKPVGEVHSQFSTGHANSPCTIIIG,NA,NA,NA,
PMS1,13A,11,18,NVIDNKSG,LNEDSCNKKSNVIDNKSGKVTAYDLLSNRVIKKPMSASALFVQDHRPQFLIENPKTSLEDATLQIEELWKTLSEEEKLKYEEKATKDLER,5,PMS1|13A.11.18__ZEB2|13A.79.86,2,N???NK?G
PMS1,13A,31,72,IKKPMSASALFVQDHRPQFLIENPKTSLEDATLQIEELWKTL,LNEDSCNKKSNVIDNKSGKVTAYDLLSNRVIKKPMSASALFVQDHRPQFLIENPKTSLEDATLQIEELWKTLSEEEKLKYEEKATKDLER,4,PMS1|13A.31.72__SOX5|13A.16.57__SOX6|14B.49.90__SOX6|15A.4.45,4,IKRPMNAFMVWAKDERRKILQAFPDMHNSNISKILGSRWKSM
POU2F2,5A,1,90,PSDLEELEQFARTFKQRRIKLGFTQGDVGLAMGKLYGNDFSQTTISRFEALNLSFKNMCKLKPLLEKWLNDAETMSVDSSLPSPNQLSSP,PSDLEELEQFARTFKQRRIKLGFTQGDVGLAMGKLYGNDFSQTTISRFEALNLSFKNMCKLKPLLEKWLNDAETMSVDSSLPSPNQLSSP,NA,NA,NA,
SOX5,13A,16,57,IKRPMNAFMVWAKDERRKILQAFPDMHNSNISKILGSRWKAM,RIYRESRGRGSNEPHIKRPMNAFMVWAKDERRKILQAFPDMHNSNISKILGSRWKAMTNLEKQPYYEEQARLSKQHLEKYPDYKYKPRPK,4,PMS1|13A.31.72__SOX5|13A.16.57__SOX6|14B.49.90__SOX6|15A.4.45,4,IKRPMNAFMVWAKDERRKILQAFPDMHNSNISKILGSRWKSM
SOX6,14B,49,90,IKRPMNAFMVWAKDERRKILQAFPDMHNSNISKILGSRWKSM,PEDAEGSKAMNGSAAKLQQYYCWPTGGATVAEARVYRDARGRASSEPHIKRPMNAFMVWAKDERRKILQAFPDMHNSNISKILGSRWKSM,4,PMS1|13A.31.72__SOX5|13A.16.57__SOX6|14B.49.90__SOX6|15A.4.45,4,IKRPMNAFMVWAKDERRKILQAFPDMHNSNISKILGSRWKSM
SOX6,15A,4,45,IKRPMNAFMVWAKDERRKILQAFPDMHNSNISKILGSRWKSM,EPHIKRPMNAFMVWAKDERRKILQAFPDMHNSNISKILGSRWKSMSNQEKQPYYEEQARLSKIHLEKYPNYKYKPRPKRTCIVDGKKLRI,4,PMS1|13A.31.72__SOX5|13A.16.57__SOX6|14B.49.90__SOX6|15A.4.45,4,IKRPMNAFMVWAKDERRKILQAFPDMHNSNISKILGSRWKSM
SP140,8B,1,90,GLCLLPGEGEEGSDDCSEMCDGEEPQEASSSLARCGSVSCLSAETFDLKTPQVTNEGEPEKELSLLPGEGEEGSDDCSEMCDGEERQEAS,GLCLLPGEGEEGSDDCSEMCDGEEPQEASSSLARCGSVSCLSAETFDLKTPQVTNEGEPEKELSLLPGEGEEGSDDCSEMCDGEERQEAS,NA,NA,NA,
ZEB1,20B,28,39,EDQNDSDSTPPK,EPPLKVIQPNGNQDERQDTSSEGVSNVEDQNDSDSTPPKKKMRKTENGMYACDLCDKIFQKSSSLLRHKYEHTGKRPHECGICKKAFKHK,2,CENPB|2B.69.80__ZEB1|20B.28.39__ZEB1|20B.56.67__ZEB2|22B.32.43__ZEB1|21A.11.22,5,DD???S?S?L?R
ZEB1,20B,50,57,YACDLCDK,EPPLKVIQPNGNQDERQDTSSEGVSNVEDQNDSDSTPPKKKMRKTENGMYACDLCDKIFQKSSSLLRHKYEHTGKRPHECGICKKAFKHK,1,ZEB1|20B.50.57__ZEB1|20B.78.85__ZEB1|21A.61.68__ZEB1|6B.16.23__ZEB1|6B.44.51__ZEB2|13A.41.48__ZEB2|22B.82.89__ZEB1|21A.5.12__ZEB2|22B.54.61__ZEB2|23A.9.16__ZEB1|21A.33.40__ZEB2|23A.65.72__ZEB2|7A.12.19__ZEB2|7A.40.47__ZEB2|23A.37.44,15,Y?C??C?K
ZEB1,20B,56,67,DKIFQKSSSLLR,EPPLKVIQPNGNQDERQDTSSEGVSNVEDQNDSDSTPPKKKMRKTENGMYACDLCDKIFQKSSSLLRHKYEHTGKRPHECGICKKAFKHK,2,CENPB|2B.69.80__ZEB1|20B.28.39__ZEB1|20B.56.67__ZEB2|22B.32.43__ZEB1|21A.11.22,5,DD???S?S?L?R
ZEB1,20B,78,85,HECGICKK,EPPLKVIQPNGNQDERQDTSSEGVSNVEDQNDSDSTPPKKKMRKTENGMYACDLCDKIFQKSSSLLRHKYEHTGKRPHECGICKKAFKHK,1,ZEB1|20B.50.57__ZEB1|20B.78.85__ZEB1|21A.61.68__ZEB1|6B.16.23__ZEB1|6B.44.51__ZEB2|13A.41.48__ZEB2|22B.82.89__ZEB1|21A.5.12__ZEB2|22B.54.61__ZEB2|23A.9.16__ZEB1|21A.33.40__ZEB2|23A.65.72__ZEB2|7A.12.19__ZEB2|7A.40.47__ZEB2|23A.37.44,15,Y?C??C?K
ZEB1,21A,5,12,YACDLCDK,ENGMYACDLCDKIFQKSSSLLRHKYEHTGKRPHECGICKKAFKHKHHLIEHMRLHSGEKPYQCDKCGKRFSHSGSYSQHMNHRYSYCKRE,1,ZEB1|20B.50.57__ZEB1|20B.78.85__ZEB1|21A.61.68__ZEB1|6B.16.23__ZEB1|6B.44.51__ZEB2|13A.41.48__ZEB2|22B.82.89__ZEB1|21A.5.12__ZEB2|22B.54.61__ZEB2|23A.9.16__ZEB1|21A.33.40__ZEB2|23A.65.72__ZEB2|7A.12.19__ZEB2|7A.40.47__ZEB2|23A.37.44,15,Y?C??C?K
ZEB1,21A,11,22,DKIFQKSSSLLR,ENGMYACDLCDKIFQKSSSLLRHKYEHTGKRPHECGICKKAFKHKHHLIEHMRLHSGEKPYQCDKCGKRFSHSGSYSQHMNHRYSYCKRE,2,CENPB|2B.69.80__ZEB1|20B.28.39__ZEB1|20B.56.67__ZEB2|22B.32.43__ZEB1|21A.11.22,5,DD???S?S?L?R
ZEB1,21A,33,40,HECGICKK,ENGMYACDLCDKIFQKSSSLLRHKYEHTGKRPHECGICKKAFKHKHHLIEHMRLHSGEKPYQCDKCGKRFSHSGSYSQHMNHRYSYCKRE,1,ZEB1|20B.50.57__ZEB1|20B.78.85__ZEB1|21A.61.68__ZEB1|6B.16.23__ZEB1|6B.44.51__ZEB2|13A.41.48__ZEB2|22B.82.89__ZEB1|21A.5.12__ZEB2|22B.54.61__ZEB2|23A.9.16__ZEB1|21A.33.40__ZEB2|23A.65.72__ZEB2|7A.12.19__ZEB2|7A.40.47__ZEB2|23A.37.44,15,Y?C??C?K
ZEB1,21A,44,51,HKHHLIEH,ENGMYACDLCDKIFQKSSSLLRHKYEHTGKRPHECGICKKAFKHKHHLIEHMRLHSGEKPYQCDKCGKRFSHSGSYSQHMNHRYSYCKRE,3,ZEB1|21A.44.51__ZEB1|21A.74.81__ZEB2|13A.52.59__ZEB2|23A.48.55__ZEB2|23A.78.85,5,G????H??
ZEB1,21A,61,68,YQCDKCGK,ENGMYACDLCDKIFQKSSSLLRHKYEHTGKRPHECGICKKAFKHKHHLIEHMRLHSGEKPYQCDKCGKRFSHSGSYSQHMNHRYSYCKRE,1,ZEB1|20B.50.57__ZEB1|20B.78.85__ZEB1|21A.61.68__ZEB1|6B.16.23__ZEB1|6B.44.51__ZEB2|13A.41.48__ZEB2|22B.82.89__ZEB1|21A.5.12__ZEB2|22B.54.61__ZEB2|23A.9.16__ZEB1|21A.33.40__ZEB2|23A.65.72__ZEB2|7A.12.19__ZEB2|7A.40.47__ZEB2|23A.37.44,15,Y?C??C?K
ZEB1,21A,74,81,GSYSQHMN,ENGMYACDLCDKIFQKSSSLLRHKYEHTGKRPHECGICKKAFKHKHHLIEHMRLHSGEKPYQCDKCGKRFSHSGSYSQHMNHRYSYCKRE,3,ZEB1|21A.44.51__ZEB1|21A.74.81__ZEB2|13A.52.59__ZEB2|23A.48.55__ZEB2|23A.78.85,5,G????H??
ZEB1,21A,74,83,GSYSQHMNHR,ENGMYACDLCDKIFQKSSSLLRHKYEHTGKRPHECGICKKAFKHKHHLIEHMRLHSGEKPYQCDKCGKRFSHSGSYSQHMNHRYSYCKRE,6,ZEB1|21A.74.83__ZEB2|23A.78.87,2,GSYSQHMNHR
ZEB1,6B,16,23,FKCTECGK,GRDQRHVTQSGCNRKFKCTECGKAFKYKHHLKEHLRIHSGEKPYECPNCKKRFSHSGSYSSHISSKKCISLIPVNGRPRTGLKTSQCSSP,1,ZEB1|20B.50.57__ZEB1|20B.78.85__ZEB1|21A.61.68__ZEB1|6B.16.23__ZEB1|6B.44.51__ZEB2|13A.41.48__ZEB2|22B.82.89__ZEB1|21A.5.12__ZEB2|22B.54.61__ZEB2|23A.9.16__ZEB1|21A.33.40__ZEB2|23A.65.72__ZEB2|7A.12.19__ZEB2|7A.40.47__ZEB2|23A.37.44,15,Y?C??C?K
ZEB1,6B,44,51,YECPNCKK,GRDQRHVTQSGCNRKFKCTECGKAFKYKHHLKEHLRIHSGEKPYECPNCKKRFSHSGSYSSHISSKKCISLIPVNGRPRTGLKTSQCSSP,1,ZEB1|20B.50.57__ZEB1|20B.78.85__ZEB1|21A.61.68__ZEB1|6B.16.23__ZEB1|6B.44.51__ZEB2|13A.41.48__ZEB2|22B.82.89__ZEB1|21A.5.12__ZEB2|22B.54.61__ZEB2|23A.9.16__ZEB1|21A.33.40__ZEB2|23A.65.72__ZEB2|7A.12.19__ZEB2|7A.40.47__ZEB2|23A.37.44,15,Y?C??C?K
ZEB2,13A,41,48,FSCQFCKE,QSLTTDSRRQISNIKKEKLRTLIDLVTDDKMIENHNISTPFSCQFCKESFPGPIPLHQHERYLCKMNEEIKAVLQPHENIVPNKAGVFVD,1,ZEB1|20B.50.57__ZEB1|20B.78.85__ZEB1|21A.61.68__ZEB1|6B.16.23__ZEB1|6B.44.51__ZEB2|13A.41.48__ZEB2|22B.82.89__ZEB1|21A.5.12__ZEB2|22B.54.61__ZEB2|23A.9.16__ZEB1|21A.33.40__ZEB2|23A.65.72__ZEB2|7A.12.19__ZEB2|7A.40.47__ZEB2|23A.37.44,15,Y?C??C?K
ZEB2,13A,52,59,GPIPLHQH,QSLTTDSRRQISNIKKEKLRTLIDLVTDDKMIENHNISTPFSCQFCKESFPGPIPLHQHERYLCKMNEEIKAVLQPHENIVPNKAGVFVD,3,ZEB1|21A.44.51__ZEB1|21A.74.81__ZEB2|13A.52.59__ZEB2|23A.48.55__ZEB2|23A.78.85,5,G????H??
ZEB2,13A,79,86,NIVPNKAG,QSLTTDSRRQISNIKKEKLRTLIDLVTDDKMIENHNISTPFSCQFCKESFPGPIPLHQHERYLCKMNEEIKAVLQPHENIVPNKAGVFVD,5,PMS1|13A.11.18__ZEB2|13A.79.86,2,N???NK?G
ZEB2,15A,1,90,NKALLLSSVLSEKGMTSPINPYKDHMSVLKAYYAMNMEPNSDELLKISIAVGLPQEFVKEWFEQRKVYQYSNSRSPSLERSSKPLAPNSN,NKALLLSSVLSEKGMTSPINPYKDHMSVLKAYYAMNMEPNSDELLKISIAVGLPQEFVKEWFEQRKVYQYSNSRSPSLERSSKPLAPNSN,NA,NA,NA,
ZEB2,22B,32,43,DDMTDSDSCLSR,FADMQQRRKYQRKQGFQGELLDGAQDYMSGLDDMTDSDSCLSRKKIKKTESGMYACDLCDKTFQKSSSLLRHKYEHTGKRPHQCQICKKA,2,CENPB|2B.69.80__ZEB1|20B.28.39__ZEB1|20B.56.67__ZEB2|22B.32.43__ZEB1|21A.11.22,5,DD???S?S?L?R
ZEB2,22B,54,61,YACDLCDK,FADMQQRRKYQRKQGFQGELLDGAQDYMSGLDDMTDSDSCLSRKKIKKTESGMYACDLCDKTFQKSSSLLRHKYEHTGKRPHQCQICKKA,1,ZEB1|20B.50.57__ZEB1|20B.78.85__ZEB1|21A.61.68__ZEB1|6B.16.23__ZEB1|6B.44.51__ZEB2|13A.41.48__ZEB2|22B.82.89__ZEB1|21A.5.12__ZEB2|22B.54.61__ZEB2|23A.9.16__ZEB1|21A.33.40__ZEB2|23A.65.72__ZEB2|7A.12.19__ZEB2|7A.40.47__ZEB2|23A.37.44,15,Y?C??C?K
ZEB2,22B,82,89,HQCQICKK,FADMQQRRKYQRKQGFQGELLDGAQDYMSGLDDMTDSDSCLSRKKIKKTESGMYACDLCDKTFQKSSSLLRHKYEHTGKRPHQCQICKKA,1,ZEB1|20B.50.57__ZEB1|20B.78.85__ZEB1|21A.61.68__ZEB1|6B.16.23__ZEB1|6B.44.51__ZEB2|13A.41.48__ZEB2|22B.82.89__ZEB1|21A.5.12__ZEB2|22B.54.61__ZEB2|23A.9.16__ZEB1|21A.33.40__ZEB2|23A.65.72__ZEB2|7A.12.19__ZEB2|7A.40.47__ZEB2|23A.37.44,15,Y?C??C?K
ZEB2,23A,9,16,YACDLCDK,IKKTESGMYACDLCDKTFQKSSSLLRHKYEHTGKRPHQCQICKKAFKHKHHLIEHSRLHSGEKPYQCDKCGKRFSHSGSYSQHMNHRYSY,1,ZEB1|20B.50.57__ZEB1|20B.78.85__ZEB1|21A.61.68__ZEB1|6B.16.23__ZEB1|6B.44.51__ZEB2|13A.41.48__ZEB2|22B.82.89__ZEB1|21A.5.12__ZEB2|22B.54.61__ZEB2|23A.9.16__ZEB1|21A.33.40__ZEB2|23A.65.72__ZEB2|7A.12.19__ZEB2|7A.40.47__ZEB2|23A.37.44,15,Y?C??C?K
ZEB2,23A,37,44,HQCQICKK,IKKTESGMYACDLCDKTFQKSSSLLRHKYEHTGKRPHQCQICKKAFKHKHHLIEHSRLHSGEKPYQCDKCGKRFSHSGSYSQHMNHRYSY,1,ZEB1|20B.50.57__ZEB1|20B.78.85__ZEB1|21A.61.68__ZEB1|6B.16.23__ZEB1|6B.44.51__ZEB2|13A.41.48__ZEB2|22B.82.89__ZEB1|21A.5.12__ZEB2|22B.54.61__ZEB2|23A.9.16__ZEB1|21A.33.40__ZEB2|23A.65.72__ZEB2|7A.12.19__ZEB2|7A.40.47__ZEB2|23A.37.44,15,Y?C??C?K
ZEB2,23A,48,55,HKHHLIEH,IKKTESGMYACDLCDKTFQKSSSLLRHKYEHTGKRPHQCQICKKAFKHKHHLIEHSRLHSGEKPYQCDKCGKRFSHSGSYSQHMNHRYSY,3,ZEB1|21A.44.51__ZEB1|21A.74.81__ZEB2|13A.52.59__ZEB2|23A.48.55__ZEB2|23A.78.85,5,G????H??
ZEB2,23A,65,72,YQCDKCGK,IKKTESGMYACDLCDKTFQKSSSLLRHKYEHTGKRPHQCQICKKAFKHKHHLIEHSRLHSGEKPYQCDKCGKRFSHSGSYSQHMNHRYSY,1,ZEB1|20B.50.57__ZEB1|20B.78.85__ZEB1|21A.61.68__ZEB1|6B.16.23__ZEB1|6B.44.51__ZEB2|13A.41.48__ZEB2|22B.82.89__ZEB1|21A.5.12__ZEB2|22B.54.61__ZEB2|23A.9.16__ZEB1|21A.33.40__ZEB2|23A.65.72__ZEB2|7A.12.19__ZEB2|7A.40.47__ZEB2|23A.37.44,15,Y?C??C?K
ZEB2,23A,78,85,GSYSQHMN,IKKTESGMYACDLCDKTFQKSSSLLRHKYEHTGKRPHQCQICKKAFKHKHHLIEHSRLHSGEKPYQCDKCGKRFSHSGSYSQHMNHRYSY,3,ZEB1|21A.44.51__ZEB1|21A.74.81__ZEB2|13A.52.59__ZEB2|23A.48.55__ZEB2|23A.78.85,5,G????H??
ZEB2,23A,78,87,GSYSQHMNHR,IKKTESGMYACDLCDKTFQKSSSLLRHKYEHTGKRPHQCQICKKAFKHKHHLIEHSRLHSGEKPYQCDKCGKRFSHSGSYSQHMNHRYSY,6,ZEB1|21A.74.83__ZEB2|23A.78.87,2,GSYSQHMNHR
ZEB2,7A,12,19,FKCTECGK,QMLTQGAGNRKFKCTECGKAFKYKHHLKEHLRIHSGEKPYECPNCKKRFSHSGSYSSHISSKKCIGLISVNGRMRNNIKTGSSPNSVSSS,1,ZEB1|20B.50.57__ZEB1|20B.78.85__ZEB1|21A.61.68__ZEB1|6B.16.23__ZEB1|6B.44.51__ZEB2|13A.41.48__ZEB2|22B.82.89__ZEB1|21A.5.12__ZEB2|22B.54.61__ZEB2|23A.9.16__ZEB1|21A.33.40__ZEB2|23A.65.72__ZEB2|7A.12.19__ZEB2|7A.40.47__ZEB2|23A.37.44,15,Y?C??C?K
ZEB2,7A,40,47,YECPNCKK,QMLTQGAGNRKFKCTECGKAFKYKHHLKEHLRIHSGEKPYECPNCKKRFSHSGSYSSHISSKKCIGLISVNGRMRNNIKTGSSPNSVSSS,1,ZEB1|20B.50.57__ZEB1|20B.78.85__ZEB1|21A.61.68__ZEB1|6B.16.23__ZEB1|6B.44.51__ZEB2|13A.41.48__ZEB2|22B.82.89__ZEB1|21A.5.12__ZEB2|22B.54.61__ZEB2|23A.9.16__ZEB1|21A.33.40__ZEB2|23A.65.72__ZEB2|7A.12.19__ZEB2|7A.40.47__ZEB2|23A.37.44,15,Y?C??C?K
